日线	000001	上证指数												
时间	开盘价	最高价	最低价	收盘价	成交量	成交额	MA.MA1	MA.MA2	MA.MA3	MA.MA4	MA.MA5	MA.MA6	MACD交易.ENTERLONG	MACD交易.EXITLONG
20100430	2867.648926	2875.805908	2820.948975	2870.611084	10807756	103631952	2903.36084	2949.293457	3048.690918	3060.458252	3121.563232	3022.393799	0	0
20100429	2912.196045	2928.929932	2867.937988	2868.431885	11384243	99942728	2925.946045	2975.262207	3062.531494	3066.307617	3123.712646	3020.766846	0	0
20100428	2883.166992	2916.676025	2865.468994	2900.331055	10652059	95519312	2952.156494	3004.916016	3074.564941	3072.375977	3125.760986	3019.138428	0	0
20100427	2962.14502	2962.14502	2866.342041	2907.927979	13342432	124398800	2978.74585	3031.500977	3085.97168	3075.459717	3127.230225	3017.68042	0	0
20100426	2988.076904	2996.827881	2965.832031	2969.50293	11865609	104096144	2993.066895	3056.833252	3096.765137	3077.760254	3127.962646	3016.278809	0	0
20100423	2995.568115	3015.633057	2966.784912	2983.537109	13803224	117602048	2995.22583	3072.809326	3101.275391	3079.223877	3127.887695	3014.416504	0	0
20100422	3021.289063	3023.641113	2978.457031	2999.483887	15553264	136997712	3024.578857	3088.990479	3103.057129	3081.481934	3128.285889	3012.618652	0	0
20100421	2984.61792	3034.326904	2972.095947	3033.278076	14822587	131151400	3057.675293	3100.912842	3105.92334	3083.129883	3128.468994	3010.764893	0	0
20100420	2980.081055	2998.913086	2941.350098	2979.532959	12715942	118165376	3084.256348	3112.407471	3106.915771	3084.325195	3129.104736	3008.740967	0	0
20100419	3096.784912	3096.784912	2977.773926	2980.297119	16008817	153147984	3120.599854	3130.322266	3111.668213	3086.781982	3130.173584	3006.877686	0	1
20100416	3159.672119	3159.672119	3121.365967	3130.302002	10479931	95126168	3150.393066	3148.088379	3116.040771	3088.474121	3130.766357	3004.733398	0	0
20100415	3168.138916	3181.663086	3135.98999	3164.966064	13848737	116473280	3153.4021	3149.799805	3111.830078	3084.909668	3130.268799	3001.731689	0	0
20100414	3161.551025	3167.657959	3145.554932	3166.183105	13934267	114888784	3144.150391	3144.213623	3106.105957	3082.644531	3129.5979	2998.46167	0	0
20100413	3129.691895	3173.634033	3101.48291	3161.250977	18782089	161433776	3140.558105	3140.442139	3097.438721	3079.541748	3128.531738	2995.553467	0	0
20100412	3151.887939	3156.210938	3111.898926	3129.262939	17652001	147730704	3140.044189	3136.696777	3088.223389	3077.094727	3126.993164	2992.587402	0	0
20100409	3118.926025	3146.458984	3114.788086	3145.346924	13545280	114165552	3145.782959	3129.741943	3082.431152	3074.51709	3125.747803	2989.771729	0	0
20100408	3143.450928	3143.826904	3110.256104	3118.708984	14386508	126899480	3146.196777	3117.124756	3077.727783	3071.693115	3124.290771	2986.822266	0	0
20100407	3156.313965	3161.081055	3132.236084	3148.221924	12849502	114137792	3144.276123	3110.934814	3074.238281	3068.475342	3122.77002	2983.840576	0	0
20100406	3170.612061	3177.968018	3141.929932	3158.680908	14626272	132234656	3140.325439	3101.425049	3070.28418	3062.953857	3120.655518	2980.679688	0	0
20100402	3154.77002	3159.5979	3141.865967	3157.957031	15158014	133339704	3133.348877	3093.014648	3065.011963	3057.777588	3118.597412	2977.54248	0	0
20100401	3111.935059	3148.343994	3111.935059	3147.416016	15608096	140784320	3113.700439	3083.993896	3058.667236	3053.116943	3115.442627	2974.357422	0	0
20100331	3129.573975	3130.112061	3101.756104	3109.10498	12451186	111534904	3088.052246	3073.861084	3052.465088	3047.719971	3112.168945	2970.934082	0	0
20100330	3123.832031	3132.575928	3113.76709	3128.468018	12680888	112628560	3077.593018	3067.998535	3051.860107	3043.499756	3109.289551	2967.851074	0	0
20100329	3076.048096	3130.279053	3071.689941	3123.798096	15842752	151903440	3062.524414	3054.435791	3049.092041	3037.511963	3106.875977	2964.63916	0	0
20100326	3017.215088	3067.707031	3009.905029	3059.715088	11053998	104093576	3052.680176	3039.749756	3047.294189	3031.224854	3104.623779	2961.268311	0	0
20100325	3051.355957	3051.355957	3012.308105	3019.176025	10640483	97324480	3054.287109	3035.119629	3046.905518	3027.214355	3102.81543	2958.092529	0	0
20100324	3058.927979	3076.749023	3052.212891	3056.808105	10474036	98158384	3059.669434	3038.330322	3048.978027	3026.418457	3101.801758	2954.910645	0	0
20100323	3076.957031	3082.965088	3051.210938	3053.125	10992240	101281840	3058.403809	3037.542236	3047.246094	3024.652832	3101.053711	2951.556641	0	0
20100322	3069.659912	3083.344971	3061.759033	3074.575928	11494130	105968224	3046.347168	3039.143799	3043.71875	3020.706055	3100.299805	2947.95752	0	0
20100319	3046.749023	3069.662109	3031.022949	3067.75	10472915	102391880	3026.819824	3037.009277	3040.159668	3016.265381	3100.180664	2944.174561	0	0
20100318	3053.157959	3063.585938	3035.019043	3046.089111	10986439	98192976	3015.952148	3033.34082	3037.678711	3013.649902	3099.614014	2940.438965	0	0
20100317	2999.814941	3050.75708	2994.893066	3050.479004	10671402	96339656	3016.990723	3031.069092	3034.64917	3011.918457	3099.510742	2936.811035	1	0
20100316	2974.487061	2993.843018	2963.437988	2992.841064	7092846	64986780	3016.680176	3035.721924	3031.250244	3009.789551	3099.312988	2933.243164	0	0
20100315	3010.721924	3013.51709	2963.493896	2976.938965	7658831	73318288	3031.940186	3043.748535	3029.050049	3010.674805	3099.287598	2929.747314	0	1
20100312	3051.474121	3057.519043	3011.971924	3013.412109	8561918	77895576	3047.19873	3054.838623	3026.962158	3014.590576	3098.854004	2926.611572	0	0
20100311	3050.644043	3070.935059	3025.309082	3051.281982	9778540	87850576	3050.729248	3058.691895	3023.261963	3018.429688	3098.294189	2923.44165	0	0
20100310	3067.149902	3085.993896	3034.739014	3048.927002	9985853	90553112	3045.147461	3059.625488	3020.463135	3022.015869	3097.287598	2920.029053	0	0
20100309	3053.26001	3084.850098	3028.689941	3069.141113	10884449	99564080	3054.763184	3056.950195	3018.208252	3025.446777	3095.88916	2916.118896	0	0
20100308	3036.415039	3058.832031	3030.905029	3053.231934	9358994	85598072	3055.556641	3048.293945	3011.487061	3031.371338	3094.159424	2912.216553	0	0
20100305	3026.638916	3044.165039	3011.087891	3031.064941	10675056	98280192	3062.478516	3043.310059	3005.893555	3037.500244	3092.424561	2908.334717	0	0
20100304	3098.069092	3102.397949	3016.215088	3023.373047	14674472	136744528	3066.654053	3042.01709	3003.804688	3043.936523	3089.790283	2904.695557	0	0
20100303	3074.099121	3098.456055	3061.467041	3097.004883	13757830	123134064	3074.103271	3038.229736	3002.343262	3050.342773	3086.959961	2901.428711	0	0
20100302	3089.706055	3095.991943	3060.956055	3073.10791	12595962	113653848	3059.137451	3026.779053	2996.823486	3052.864014	3083.382813	2897.843262	0	0
20100301	3057.006104	3093.094971	3054.553955	3087.842041	13285865	120949912	3041.031006	3014.352539	2994.137695	3059.559082	3081.612793	2894.773926	0	0
20100226	3053.498047	3067.524902	3041.688965	3051.943115	12274137	109599888	3024.14209	2999.085693	2994.466309	3063.722656	3080.433838	2891.468506	0	0
20100225	3026.656006	3063.003906	3022.373047	3060.61792	14096051	130544488	3017.380371	2987.831787	2998.29834	3068.524414	3079.730957	2888.169189	0	0
20100224	2964.983887	3023.739014	2955.069092	3022.177002	10678099	99625944	3002.356201	2981.300781	3003.210693	3072.929688	3078.523926	2884.766357	0	0
20100223	2998.906982	2998.906982	2938.75293	2982.574951	9981535	89011528	2994.420898	2979.466309	3009.69458	3080.664063	3078.28418	2881.955566	0	0
20100222	3016.702881	3026.658936	3002.811035	3003.397949	7997998	75193872	2987.674316	2974.68042	3022.909668	3090.650879	3078.102539	2879.582764	0	0
20100212	2996.087891	3018.85791	2993.437012	3018.133057	6772377	60694996	2974.029541	2968.476563	3034.594727	3098.663086	3077.337158	2876.852539	1	0
20100211	2985.082031	3001.635986	2976.079102	2985.499023	6579612	62462060	2958.283447	2965.592529	3044.895508	3107.296387	3075.399414	2873.772461	0	0
20100210	2967.137939	2983.178955	2958.217041	2982.5	6817737	62322404	2960.245117	2966.456787	3056.398193	3116.532715	3074.777344	2870.873779	0	0
20100209	2932.090088	2957.474121	2929.209961	2948.842041	6930470	69093616	2964.512207	2966.867676	3065.906006	3124.175049	3073.845215	2868.00415	0	0
20100208	2936.451904	2954.266113	2922.187012	2935.174072	7413485	68452320	2961.686279	2973.922852	3082.161865	3132.172852	3074.663086	2865.107666	0	0
20100205	2936.197021	2959.23291	2918.908936	2939.4021	11275391	107746152	2962.923828	2989.846436	3096.040527	3139.045654	3076.374512	2862.092041	0	0
20100204	2983.050049	3015.125977	2968.679932	2995.308105	11673690	111441896	2972.901611	3008.764893	3108.870605	3146.179199	3077.818604	2858.726563	0	0
20100203	2945.033936	3005.131104	2890.020996	3003.834961	12226164	119005328	2972.668457	3025.120361	3118.743652	3148.794678	3080.063477	2855.17627	0	0
20100202	2955.75293	2990.748047	2930.559082	2934.712891	9963780	93734936	2969.223145	3039.922119	3131.262939	3150.351074	3082.112793	2851.404053	0	0
20100201	2981.374023	2981.374023	2912.886963	2941.360107	10591200	100564352	2986.159424	3071.138184	3148.63623	3156.626221	3084.829102	2847.711914	0	0
20100129	2979.74292	3024.8479	2968.452881	2989.291992	9762500	91271120	3016.769287	3100.712158	3163.756348	3162.377441	3088.287598	2843.90918	0	0
20100128	2985.214111	3006.039063	2963.891113	2994.143066	8782876	85167128	3044.628418	3124.197998	3178.148926	3168.703857	3091.94751	2839.97168	0	0
20100127	3020.540039	3028.646973	2972.626953	2986.606934	9340972	93150256	3077.572754	3146.338623	3191.571289	3177.40625	3095.924805	2835.935303	0	0
20100126	3094.8479	3107.197998	3001.956055	3019.394043	11234793	109494648	3110.621094	3164.943848	3202.829346	3187.000977	3099.891357	2831.965576	0	0
20100125	3103.320068	3136.999023	3092.926025	3094.410889	9807038	93994072	3156.117188	3190.400879	3211.298584	3196.45166	3103.163574	2827.834473	0	0
20100122	3118.724121	3147.829102	3062.628906	3128.587891	16721811	156427040	3184.654785	3202.234863	3213.645752	3201.54834	3105.056396	2823.274658	0	0
20100121	3154.188965	3176.146973	3126.9021	3158.863037	14569406	132639664	3203.767578	3208.975586	3214.886719	3205.737793	3106.205322	2818.441406	0	0
20100120	3252.037109	3255.12793	3148.333984	3151.850098	19539393	172555632	3215.104736	3212.366943	3210.632324	3208.428223	3108.534424	2813.521484	0	1
20100119	3242.216064	3268.805908	3236.839111	3246.874023	16577468	144950160	3219.266357	3222.603516	3205.565918	3213.255127	3110.895752	2808.367432	0	0
20100118	3213.636963	3238.241943	3202.207031	3237.0979	17172627	145703536	3224.684814	3226.134277	3199.37085	3216.089355	3111.943604	2802.981201	1	0
20100115	3217.189941	3241.814941	3197.220947	3224.1521	15364313	131414088	3219.815186	3226.800293	3193.210449	3218.753906	3112.705322	2797.652344	0	0
20100114	3183.381104	3219.016113	3165.595947	3215.550049	17120832	151986656	3214.184082	3232.099121	3190.956787	3220.103027	3113.308838	2792.268555	0	0
20100113	3204.976074	3232.818115	3165.485107	3172.657959	20236036	185213136	3209.629395	3236.803955	3192.939941	3221.909912	3113.289307	2787.102295	0	1
20100112	3205.705078	3275.201904	3180.084961	3273.966064	17784401	159128752	3225.940918	3240.714355	3198.030029	3224.000244	3114.074707	2782.159912	0	0
20100111	3301.611084	3306.750977	3197.327881	3212.75	18251467	161502176	3227.583496	3232.196045	3199.477051	3221.37793	3113.372803	2776.587158	0	0
20100108	3177.259033	3198.919922	3149.01709	3195.99707	12481344	114602544	3233.7854	3225.056152	3201.205566	3217.495117	3113.131348	2771.019287	0	0
20100107	3253.990967	3268.819092	3176.707031	3192.775879	16053361	145228704	3250.013672	3220.797607	3204.118652	3216.660645	3113.069336	2765.566895	0	0
20100106	3277.51709	3295.86792	3253.043945	3254.215088	16028420	135131296	3263.978516	3208.897949	3206.458496	3219.906982	3112.672363	2760.197998	0	0
20100105	3254.468018	3290.511963	3221.461914	3282.178955	16533912	142274960	3255.487793	3188.528564	3208.581055	3218.884033	3111.225098	2754.587158	0	0
20100104	3289.75	3295.279053	3243.319092	3243.76001	13646398	122446256	3236.809082	3172.60791	3211.066895	3220.766846	3109.822998	2748.868164	0	0
20091231	3264.998047	3282.210938	3250.025879	3277.138916	14232345	133111856	3216.327393	3159.620605	3214.730957	3222.919678	3108.816895	2743.348633	0	0
20091230	3211.827881	3267.000977	3206.217041	3262.600098	16289427	154267504	3191.581543	3149.814453	3214.105225	3224.368652	3107.180664	2737.829102	1	0
20091229	3190.172119	3212.516113	3166.758057	3211.760986	11882766	111437672	3153.817139	3149.075684	3214.462646	3225.723389	3105.738037	2732.729736	0	0
20091228	3148.860107	3202.086914	3148.860107	3188.784912	11277680	103142592	3121.569092	3155.345459	3215.643066	3228.093994	3105.012207	2727.956299	0	0
20091225	3149.226074	3154.773926	3128.149902	3141.353027	10312400	92991120	3108.406738	3166.757324	3215.968506	3230.969971	3104.175537	2723.263672	0	0
20091224	3080.874023	3156.531006	3075.106934	3153.409912	12638686	118410976	3102.91333	3177.354004	3213.714355	3232.513184	3103.5	2718.605469	0	0
20091223	3048.198975	3078.836914	3041.3479	3073.7771	9294041	90495808	3108.046875	3187.439209	3214.592529	3233.164307	3102.289551	2713.891846	0	0
20091222	3126.61499	3129.313965	3039.85791	3050.52002	10168080	96817288	3144.333984	3204.018311	3225.411865	3236.54541	3101.336182	2709.454346	0	0
20091221	3108.066895	3123.986084	3088.00293	3122.9729	9249185	86047280	3189.121826	3228.633057	3234.0625	3240.814941	3100.709229	2705.069092	0	0
20091218	3154.814941	3169.582031	3108.030029	3113.885986	11890309	113626424	3225.108154	3249.525146	3244.847168	3242.568604	3099.086182	2700.704102	0	0
20091217	3261.60791	3272.975098	3176.625977	3179.077881	12660500	119382280	3251.794434	3269.841309	3254.569824	3244.240479	3097.512207	2696.564941	0	0
20091216	3262.862061	3299.331055	3246.606934	3255.212891	12572732	116058232	3266.831787	3278.395996	3261.646484	3243.439697	3095.372559	2691.999756	0	0
20091215	3283.5979	3303.176025	3267.935059	3274.459961	12894472	116372712	3263.702881	3279.850098	3264.047852	3239.217285	3092.351563	2687.342041	0	0
20091214	3246.950928	3315.033936	3178.229004	3302.904053	14387456	139662240	3268.143799	3275.940186	3264.468994	3233.875732	3089.200195	2682.319092	0	0
20091211	3260.447998	3280.938965	3242.373047	3247.318115	10999560	103129000	3273.942139	3265.179932	3263.07666	3226.33374	3085.680176	2677.113525	0	0
20091210	3258.354004	3276.125977	3225.562012	3254.263916	11502510	105610144	3287.887451	3250.074463	3260.093262	3217.95166	3082.4021	2671.98584	0	0
20091209	3258.00293	3284.64502	3228.204102	3239.568115	13928584	129467600	3289.960205	3241.746094	3256.026855	3208.158447	3078.700928	2666.527588	0	0
20091208	3330.325928	3330.38208	3260.670898	3296.664063	16606502	153232560	3295.996826	3246.805664	3252.808105	3201.217041	3074.838135	2661.147705	0	0
20091207	3313.060059	3334.010986	3302.134033	3331.896973	17569592	157473120	3283.736816	3239.491943	3246.905518	3192.043213	3070.612061	2655.445557	0	0
20091204	3256.614014	3319.128906	3214.840088	3317.043945	26315780	243137888	3256.41748	3240.168701	3239.089844	3184.63208	3065.710938	2649.789307	0	0
20091203	3267.995117	3270.366943	3227.771973	3264.62793	19142377	170458800	3212.261719	3239.298828	3231.439697	3177.658691	3061.380127	2644.112549	0	0
20091202	3252.979004	3278.27002	3245.964111	3269.751953	20678779	189209472	3193.532227	3244.897461	3225.960938	3170.551514	3057.643799	2638.608643	0	0
20091201	3191.058105	3240.660889	3173.416016	3235.363037	19472336	183184640	3197.614746	3248.245605	3218.900146	3163.912842	3053.628174	2633.118164	0	0
20091130	3114.290039	3195.878906	3114.290039	3195.301025	16377627	156491856	3195.247314	3252.998047	3212.843262	3158.882568	3049.736084	2628.054199	0	0
20091127	3137.297119	3169.754883	3080.88501	3096.264893	17606595	170088208	3223.919678	3260.973145	3206.910645	3153.648193	3046.057617	2623.208008	0	0
20091126	3296.013916	3305.326904	3160.350098	3170.97998	25912262	240592480	3266.335938	3270.111328	3201.890137	3149.660645	3043.315918	2618.893066	0	1
20091125	3214.814941	3291.173096	3188.019043	3290.165039	22215035	209369376	3296.262451	3270.307373	3191.364258	3143.287598	3040.045898	2613.818848	0	0
20091124	3352.219971	3361.385986	3214.025879	3223.525879	29513657	272142080	3298.876221	3258.810059	3178.422363	3132.633057	3035.330322	2608.780029	0	0
20091123	3312.974121	3339.304932	3305.501953	3338.663086	20548243	178645296	3310.748779	3254.318848	3168.318848	3123.05542	3031.14502	2603.831787	0	0
20091120	3309.375977	3332.531006	3280.184082	3308.345947	20281723	186993952	3298.025879	3238.010742	3156.864014	3108.249512	3025.26416	2598.1875	0	0
20091119	3311.187988	3329.028076	3285.804932	3320.612061	19826332	192477584	3273.88623	3223.579834	3146.839111	3095.028564	3019.265869	2592.390381	0	0
20091118	3287.264893	3315.87207	3274.211914	3303.233887	18366473	169464800	3244.352295	3207.023926	3133.37915	3076.989014	3013.343994	2586.482422	0	0
20091117	3291.043945	3298.378906	3275.304932	3282.888916	19760420	180125152	3218.743896	3189.554199	3121.74707	3058.699463	3007.464111	2580.768555	0	0
20091116	3206.427979	3275.549072	3206.427979	3275.048096	23161457	217640160	3197.888428	3172.687988	3111.825195	3041.387207	3001.862305	2574.62793	0	0
20091113	3164.649902	3189.091064	3127.501953	3187.646973	16850001	167126736	3177.995605	3152.848145	3099.986572	3026.847168	2996.665039	2568.398682	0	0
20091112	3181.457031	3199.868896	3163.077881	3172.945068	15454900	148659136	3173.273926	3133.668457	3089.435791	3015.710449	2992.406982	2562.690674	0	0
20091111	3176.311035	3186.594971	3149.071045	3175.191895	14664289	137875488	3169.695313	3112.42041	3079.777832	3004.703125	2988.072021	2556.825928	0	0
20091110	3203.170898	3211.10498	3176.254883	3178.610107	16519934	153401888	3160.364502	3098.033936	3069.544922	2995.448242	2983.656006	2551.00415	0	0
20091109	3162.145996	3176.660889	3141.77002	3175.584961	16111820	151529824	3147.487793	3082.318848	3057.423828	2988.395264	2979.166504	2545.204834	0	0
20091106	3176.136963	3183.573975	3156.99292	3164.037109	18388670	178199552	3127.700684	3075.717041	3043.368652	2981.297852	2974.901367	2539.556885	0	0
20091105	3133.504883	3158.718018	3122.523926	3155.052979	15776995	158261312	3094.062988	3070.098145	3030.752686	2977.838867	2970.352295	2533.780029	0	0
20091104	3119.312988	3141.452881	3096.354004	3128.537109	16699713	161404096	3055.145264	3059.733887	3011.971191	2972.660645	2965.558105	2528.24707	0	0
20091103	3085.743896	3121.201904	3078.944092	3114.227051	17347052	166580448	3035.703613	3053.939209	2993.271484	2969.5	2961.367188	2522.626221	0	0
20091102	2933.816895	3077.906982	2923.524902	3076.648926	15864576	157185568	3017.149902	3050.961914	2975.736328	2966.58374	2957.060791	2517.528076	0	0
20091030	3007.25	3027.131104	2983.929932	2995.8479	12008653	119313136	3023.733398	3047.124512	2963.846191	2963.688477	2953.026123	2512.723633	0	0
20091029	2975.198975	2993.435059	2952.013916	2960.466064	11999877	125412216	3046.133301	3045.202881	2956.730957	2961.322998	2949.455322	2508.323486	0	0
20091028	3014.181885	3038.059082	2974.258057	3031.329102	11798018	121347040	3064.32251	3047.135254	2950.844238	2960.849121	2946.117188	2504.315674	0	0
20091027	3086.091064	3086.091064	3020.493896	3021.458984	14376574	143799248	3072.174561	3041.05542	2944.155029	2957.487549	2941.502686	2500.08667	0	0
20091026	3114.293945	3123.364014	3083.183105	3109.565918	13373229	126916696	3084.773438	3032.528809	2941.432861	2952.809326	2936.891846	2495.723389	0	0
20091023	3057.386963	3123.462891	3057.386963	3107.846924	16025638	154020448	3070.515137	3011.020508	2934.087646	2944.544189	2930.990967	2490.925293	0	0
20091022	3068.677979	3080.663086	3045.032959	3051.412109	12194330	115141912	3044.272217	2991.407227	2931.708496	2935.783691	2925.136719	2486.472412	0	0
20091021	3080.52002	3105.513916	3062.560059	3070.589111	15788284	150078256	3029.947266	2964.208496	2929.123535	2924.569092	2920.113281	2482.335693	0	0
20091020	3062.551025	3084.944092	3053.643066	3084.454102	17066540	161398112	3009.936035	2932.603516	2927.280518	2911.673584	2915.057861	2478.3479	0	0
20091019	2974.644043	3039.60498	2962.306885	3038.272949	14338228	134983040	2980.283203	2900.510498	2924.394775	2897.783691	2909.865479	2474.012451	0	0
20091016	2992.745117	3008.178955	2931.919922	2976.633057	10728690	105658432	2951.525391	2880.567627	2921.970703	2891.864014	2905.678467	2470.157715	0	0
20091015	2994.889893	3014.26001	2967.10791	2979.788086	11321835	113940272	2938.541748	2868.259277	2919.383301	2890.856201	2902.185059	2466.620361	0	0
20091014	2945.668945	3010.611084	2943.741943	2970.531982	14480300	147615328	2898.469238	2854.552979	2917.706543	2890.449707	2898.219971	2463.332275	0	0
20091013	2889.788086	2937.823975	2886.958984	2936.190918	9040782	90101104	2855.270996	2847.254883	2915.703857	2888.625244	2894.583252	2460.14502	0	0
20091012	2927.020996	2932.077881	2893.572998	2894.48291	10200004	99798720	2820.737793	2850.336914	2912.950195	2890.533447	2891.249023	2457.575195	1	0
20091009	2840.131104	2912.550049	2834.61792	2911.715088	9524247	97067216	2809.609619	2857.155518	2911.306396	2892.74292	2888.188232	2455.187256	0	0
20090930	2772.569092	2803.85791	2763.711914	2779.426025	7003717	75094448	2797.977295	2872.009766	2907.972168	2892.738281	2884.871826	2452.407471	0	0
20090929	2763.763916	2779.690918	2712.299072	2754.540039	7670851	86854616	2810.636475	2894.03833	2904.749512	2892.943115	2882.078369	2450.095703	0	0
20090928	2844.370117	2857.947998	2752.772949	2763.524902	7724274	81369728	2839.239014	2921.957275	2901.208984	2898.154785	2878.956299	2448.023193	0	0
20090925	2836.698975	2864.074951	2812.917969	2838.842041	8348687	88104592	2879.936035	2948.278809	2896.419922	2901.724854	2875.488525	2445.269531	0	0
20090924	2824.583008	2886.256104	2783.105957	2853.553955	11412602	120039008	2904.700928	2963.373779	2897.512207	2908.662598	2872.157715	2441.497803	0	1
20090923	2897.808105	2924.197998	2825.858887	2842.720947	11933134	121360640	2946.042236	2970.506592	2902.154053	2918.229248	2868.542969	2437.799561	0	0
20090922	2956.128906	2982.89502	2896.937012	2897.552979	14109920	142937280	2977.439941	2980.860352	2908.397949	2927.229248	2865.064209	2434.375244	0	0
20090921	2937.926025	2968.700928	2871.645996	2967.010986	14965448	159010144	3004.675293	2984.152832	2909.310059	2939.468262	2860.984863	2431.10376	0	0
20090918	3063.309082	3068.028076	2940.830078	2962.666992	18496169	186678064	3016.621094	2975.562988	2910.631104	2948.893311	2856.036621	2427.551758	0	0
20090917	3015.585938	3064.233887	3015.585938	3060.26001	18123596	176860016	3022.046387	2965.457275	2910.536377	2958.827393	2850.998291	2424.303955	0	0
20090916	3027.506104	3028.563965	2960.591064	2999.709961	17156273	164738368	2994.970947	2943.934082	2903.102295	2968.696289	2845.282959	2420.64624	0	0
20090915	3029.096924	3050.426025	2999.433105	3033.728027	16296720	159377680	2984.280518	2915.460205	2892.395996	2982.989502	2839.966064	2417.220947	0	0
20090914	2990.933105	3033.083008	2984.834961	3026.740967	16001424	159188288	2963.630127	2880.459961	2886.253906	2997.579834	2833.781494	2413.895752	0	0
20090911	2917.193115	2999.327881	2915.904053	2989.791992	14140044	141734128	2934.504883	2844.560059	2878.447998	3012.108398	2828.04541	2410.898193	0	0
20090910	2934.958008	2958.954102	2911.211914	2924.883057	11917620	117502192	2908.868164	2831.649658	2881.307129	3026.184082	2822.509521	2408.045654	0	0
20090909	2944.174072	2962.287109	2900.111084	2946.259033	15657940	148905664	2892.896729	2833.801025	2892.091064	3039.406738	2817.144775	2405.565674	0	0
20090908	2865.695068	2931.22998	2831.852051	2930.475098	15221187	148083056	2846.639893	2835.934326	2900.414063	3050.079102	2811.473877	2403.081299	1	0
20090907	2877.62207	2919.350098	2860	2881.115967	15028656	150735184	2797.289551	2834.467285	2917.126465	3067.009033	2805.584473	2400.948486	0	0
20090904	2841.170898	2875.98291	2827.575928	2861.608887	14585435	147887360	2754.615234	2845.69873	2935.558594	3085.479004	2800.061279	2398.824463	0	0
20090903	2722.304932	2854.160889	2715.618896	2845.023926	14256473	150218176	2754.430908	2855.614746	2955.512695	3102.511963	2794.158691	2396.746582	0	0
20090902	2681.330078	2729.706055	2669.217041	2714.974121	9138566	102232432	2774.705566	2862.270752	2981.077881	3118.62793	2788.19043	2394.766846	0	0
20090901	2649.167969	2727.076904	2639.759033	2683.724121	10556732	119251440	2825.229248	2869.331543	3016.754395	3138.015625	2783.3479	2393.560303	0	0
20090831	2817.628906	2817.628906	2662.99707	2667.745117	12834479	139685056	2871.64502	2892.047607	3056.140137	3155.665283	2778.808838	2392.446045	0	0
20090828	2938.423096	2949.431885	2843.108887	2860.687988	13747238	142735584	2936.781982	2912.336182	3095.882324	3175.637939	2774.565674	2391.501953	0	0
20090827	2947.826904	2988.028076	2909.893066	2946.39502	14962731	157879296	2956.79834	2930.964355	3123.450928	3186.606201	2768.383057	2390.152344	0	0
20090826	2889.735107	2995.802979	2872.263916	2967.594971	14710345	148017504	2949.835938	2950.381104	3142.209473	3194.517334	2762.104736	2387.744629	0	0
20090825	2980.100098	2980.100098	2823.636963	2915.802979	16521246	169038784	2913.433838	2964.893311	3157.151123	3201.883057	2755.883545	2385.153564	0	0
20090824	2982.191895	3004.904053	2944.923096	2993.428955	14159276	137241152	2912.449707	2999.785889	3183.279785	3209.528076	2749.902588	2383.292725	0	0
20090821	2905.052979	2969.520996	2883.272949	2960.770996	14316361	154424032	2887.890137	3025.418945	3205.368652	3212.432129	2742.219238	2381.067139	0	0
20090820	2798.370117	2914.639893	2798.370117	2911.582031	12667988	134285696	2905.130371	3055.410889	3225.960449	3217.536865	2734.991699	2379.009521	0	0
20090819	2916.094971	2929.062988	2761.39502	2785.583984	12721744	140576800	2950.926025	3099.885498	3246.805908	3224.585693	2728.085449	2377.19165	0	0
20090818	2845.334961	2920.638916	2827.113037	2910.884033	12322996	134994688	3016.353027	3164.17749	3272.357666	3234.425049	2722.549316	2375.929932	0	0
20090817	2994.865967	3020.263916	2867.394043	2870.629883	14369164	156815120	3087.121582	3220.233154	3287.473877	3240.377441	2716.68042	2374.709229	0	0
20090814	3138.145996	3146.004883	3039.304932	3046.971924	15083203	148469280	3162.94751	3279.428955	3307.28833	3248.845215	2711.097168	2374.136963	0	0
20090813	3112.572998	3150.36499	3060.118896	3140.560059	14351355	141992896	3205.690918	3315.937988	3314.427002	3250.225342	2704.920898	2372.826416	0	0
20090812	3255.985107	3255.986084	3104.564941	3112.718994	16270009	160388032	3248.844971	3334.03833	3316.585449	3247.54834	2697.594971	2371.027344	0	0
20090811	3261.406006	3273.020996	3222.707031	3264.726074	12605829	119804320	3312.001465	3349.408936	3320.377441	3244.062744	2690.215088	2369.543213	0	0
20090810	3287.759033	3307.88501	3201.060059	3249.76001	15735019	146781024	3353.344482	3366.773926	3314.398926	3233.883789	2681.424561	2367.691406	0	0
20090807	3352.658936	3374.460938	3244.101074	3260.689941	18964616	175290608	3395.910645	3385.318848	3305.938721	3224.73584	2673.672119	2365.79541	0	0
20090806	3401.479004	3419.743896	3309.605957	3356.330078	22149528	196388112	3426.185059	3396.510254	3298.600342	3213.653076	2666.411377	2364.099609	0	1
20090805	3467.047119	3468.096924	3385.424072	3428.500977	24540267	223497072	3419.231201	3393.726074	3286.936035	3199.2771	2657.781738	2362.075439	0	0
20090804	3477.112061	3478.01001	3404.818115	3471.441895	25534286	230009104	3386.817139	3380.537842	3269.549316	3182.403564	2647.945068	2359.973633	0	0
20090803	3429.693115	3465.173096	3398.447998	3462.590088	24014238	218302352	3380.203125	3354.714111	3250.449707	3163.112305	2637.856445	2357.54834	0	0
20090731	3354.678955	3414.14502	3333.718018	3412.062012	22812064	212759392	3374.727295	3335.147217	3233.553467	3144.235596	2627.87793	2355.339355	1	0
20090730	3281.202881	3336.639893	3215.75293	3321.560059	22659097	228951296	3366.835449	3312.915283	3217.368652	3126.516846	2617.983154	2353.04248	0	1
20090729	3419.990967	3454.019043	3174.214111	3266.431885	30281948	303175360	3368.221436	3299.133301	3204.303711	3110.928467	2608.480469	2351.140869	0	0
20090728	3434.320068	3439.924072	3392.427979	3438.371094	24679628	218790304	3374.258301	3291.345215	3191.389404	3095.718262	2598.743408	2349.520508	0	0
20090727	3377.716064	3435.933105	3376.285889	3435.211914	24341992	212417296	3329.225098	3262.023926	3167.438965	3073.639893	2587.654785	2346.880615	0	0
20090724	3343.756104	3398.049072	3306.910889	3372.603027	22721060	208990336	3295.566895	3226.55835	3144.443848	3052.117676	2576.201416	2343.878906	0	0
20090723	3301.103027	3331.062988	3289.224121	3328.48999	19804198	181509536	3258.994629	3200.690918	3122.224365	3031.156494	2564.860352	2341.21167	0	0
20090722	3207.987061	3301.427002	3207.25708	3296.61499	20939936	187782496	3230.044678	3180.145508	3102.052246	3013.450684	2553.711914	2339.015869	0	0
20090721	3275.666992	3279.586914	3207.500977	3213.206055	23579560	215195904	3208.432129	3158.561279	3083.336426	2997.438232	2542.947998	2337.342285	0	0
20090720	3203.887939	3269.179932	3192.904053	3266.919922	23652676	211984016	3194.822266	3146.185547	3067.311279	2983.26123	2532.712646	2335.91626	0	0
20090717	3181.062988	3197.230957	3158.565918	3189.740967	18868742	176252800	3157.549316	3131.960449	3048.780273	2966.641602	2522.106445	2334.350098	0	0
20090716	3209.774902	3221.068115	3175.957031	3183.741943	22121665	205167904	3142.387451	3121.822998	3033.317871	2952.113037	2512.080811	2333.273193	0	0
20090715	3156.625	3188.909912	3156.625	3188.551025	21962320	206725616	3130.246094	3109.474121	3016.825684	2938.229736	2501.836426	2331.79834	0	0
20090714	3088.580078	3147.592041	3088.580078	3145.156982	18116400	177534304	3108.690674	3091.434082	2997.904785	2924.564209	2491.266846	2330.213135	0	0
20090713	3098.956055	3112.875	3076.302002	3080.555908	17472908	167169424	3097.549316	3072.854736	2979.447754	2910.535645	2481.131348	2328.312256	0	0
20090710	3124.789063	3140.043945	3099.987061	3113.931885	18056579	174289456	3106.371582	3062.330322	2964.897461	2898.559814	2470.988037	2326.803955	0	0
20090709	3073.518066	3123.51001	3064.208984	3123.034912	18721019	181390272	3101.258545	3043.758301	2946.388916	2882.526855	2460.874756	2324.955322	0	0
20090708	3057.459961	3097.964111	3011.214111	3080.773926	17503220	177484848	3088.702393	3023.959473	2930.103027	2864.71167	2450.723389	2323.06958	0	0
20090707	3118.268066	3130.066895	3077.476074	3089.449951	19115484	194615504	3074.17749	3008.111816	2916.876709	2849.019287	2440.701904	2321.690674	0	0
20090706	3091.478027	3128.310059	3090.099121	3124.666992	20676475	199131584	3048.159912	2988.436768	2901.798828	2832.624512	2430.989746	2320.326904	0	0
20090703	3035.813965	3088.862061	3029.545898	3088.366943	18036556	174495888	3018.289551	2965.600098	2883.982178	2815.489258	2421.093994	2319.435303	0	0
20090702	3015.076904	3062.563965	3015.076904	3060.253906	18350384	174747712	2986.258301	2944.812744	2867.258301	2800.924561	2411.030518	2318.70166	0	0
20090701	2950.168945	3009.706055	2947.689941	3008.149902	15610417	150140448	2959.216309	2924.17749	2852.607666	2788.138428	2400.70166	2317.672852	0	0
20090630	2990.11792	2997.271973	2953.364014	2959.362061	14577347	136922304	2942.046387	2904.375	2841.129883	2776.292725	2390.907959	2316.682129	0	0
20090629	2930.312988	2976.922119	2918.389893	2975.313965	13850718	137076240	2928.713379	2886.040771	2829.376709	2765.822998	2381.667236	2316.171387	0	0
20090626	2930.501953	2937.614014	2910.344971	2928.210938	11680416	117330488	2912.910889	2867.464355	2816.675293	2754.641846	2372.302246	2315.265869	0	0
20090625	2926.620117	2946.897949	2909.090088	2925.045898	13159827	131177680	2903.367188	2849.019531	2801.911133	2745.827393	2363.337158	2315.317139	0	0
20090624	2889.045898	2923.469971	2880.284912	2922.299072	14896249	152622112	2889.138672	2836.246826	2785.087646	2735.598145	2354.493896	2314.796143	0	0
20090623	2853.490967	2941.054932	2841.9021	2892.697021	14779145	161926240	2866.703613	2825.641846	2769.473145	2724.179932	2345.95166	2314.603516	0	0
20090622	2900.572021	2923.236084	2884.131104	2896.302002	15043672	161241008	2843.368408	2815.160645	2754.718262	2715.27832	2338.410645	2314.507813	0	0
20090619	2861.177002	2886.499023	2847.35791	2880.491943	15360672	166571216	2822.018066	2802.364014	2740.43457	2705.316406	2331.094971	2314.752686	0	0
20090618	2812.989014	2855.415039	2810.853027	2853.903076	14982259	152234608	2794.671875	2789.703857	2728.980713	2695.717529	2323.888428	2315.327637	1	0
20090617	2771.520996	2813.613037	2744.218018	2810.123047	12047208	124135680	2783.35498	2781.037842	2720.119629	2686.165039	2316.579102	2316.201416	0	0
20090616	2762.740967	2797.48291	2753.694092	2776.021973	11061639	115704416	2784.580078	2777.884766	2712.252197	2677.824707	2309.619873	2318.279785	0	1
20090615	2743.031006	2790.977051	2727.739014	2789.549072	11148869	122804320	2786.952881	2772.712646	2705.714111	2667.876221	2302.855957	2320.582275	0	0
20090612	2793.968018	2812.678955	2722.217041	2743.761963	12636534	141124848	2782.710449	2765.885986	2698.230957	2657.164551	2295.894775	2322.903809	0	0
20090611	2812.279053	2828.739014	2787.448975	2797.320068	13484822	145818320	2784.736328	2754.802734	2694.230957	2645.753662	2289.960938	2325.674316	0	0
20090610	2796.903076	2820.574951	2789.996094	2816.24707	14648313	158114672	2778.720947	2733.928223	2685.273682	2632.687744	2283.976074	2328.321289	0	0
20090609	2766.51001	2788.365967	2721.854004	2787.886963	13562168	145030704	2771.189453	2713.304199	2673.44873	2620.432617	2277.488281	2330.789551	0	0
20090608	2753.344971	2795.148926	2729.028076	2768.335938	14162625	147120240	2758.472168	2694.275879	2665.33667	2609.634521	2271.679199	2333.243408	0	0
20090605	2783.858887	2791.648926	2750.376953	2753.891113	15629449	159409520	2749.061279	2678.504395	2656.79248	2599.401611	2265.432129	2336.006348	0	0
20090604	2753.248047	2778.241943	2728.198975	2767.243896	18316424	189882896	2724.868896	2668.256836	2648.723877	2592.133057	2259.161865	2338.492188	0	0
20090603	2722.266113	2778.683105	2717.863037	2778.589111	16232028	169429344	2689.135254	2659.200684	2638.728516	2585.140137	2252.47998	2340.881592	0	0
20090602	2739.441895	2750.879883	2713.466064	2724.302002	16403614	171612368	2655.419434	2646.619385	2627.794434	2575.984863	2245.072021	2343.659424	1	0
20090601	2668.399902	2726.716064	2668.399902	2721.280029	15906118	162047312	2630.079346	2638.715332	2615.458008	2569.645752	2238.157959	2346.705078	0	0
20090527	2601.23999	2635.312988	2592.793945	2632.929932	10530907	115082632	2607.947754	2630.576172	2602.803467	2563.471924	2231.073242	2349.996826	0	0
20090526	2615.006104	2618.800049	2585.909912	2588.574951	11934630	121942696	2611.644531	2633.659912	2591.22876	2559.946777	2225.114258	2353.237549	0	0
20090525	2555.342041	2618.358887	2538.62207	2610.01001	11469383	123584712	2629.265625	2636.619629	2582.067383	2557.450684	2219.358643	2357.302002	0	0
20090522	2595.988037	2617.749023	2578.593018	2597.601074	10083636	110703680	2637.81958	2633.593262	2573.996582	2551.925049	2213.3479	2361.358887	0	0
20090521	2639.141113	2663.227051	2598.868896	2610.62207	14147417	156382656	2647.352051	2636.397705	2567.314209	2544.66748	2207.510254	2365.517822	0	1
20090520	2680.547119	2686.344971	2651.010986	2651.414063	13939449	148167056	2653.204834	2635.080322	2559.850342	2535.893066	2202.166748	2369.705322	0	0
20090519	2679.395996	2688.112061	2660.560059	2676.681885	15026747	158752096	2655.675293	2629.190918	2554.071045	2528.818604	2196.602783	2373.340576	0	0
20090518	2632.569092	2656.843994	2589.613037	2652.779053	11957384	129358688	2643.973389	2618.256348	2548.109863	2520.255371	2191.109375	2377.141846	0	0
20090515	2646.891113	2661.365967	2623.364014	2645.262939	10805081	119376080	2629.366943	2608.969482	2540.66748	2512.672363	2184.856445	2380.984619	0	0
20090514	2631.445068	2651.488037	2610.2229	2639.886963	12391580	138342832	2625.443359	2592.199951	2535.11084	2504.76416	2179.733398	2385.031006	0	0
20090513	2629.031006	2670.212891	2608.316895	2663.766113	14743062	160666192	2616.955566	2575.030518	2529.919434	2495.875	2174.288086	2388.788086	0	0
20090512	2562.363037	2619.691895	2558.962891	2618.172119	11582744	135343408	2602.706299	2548.797607	2523.090332	2485.684082	2168.153564	2393.066895	0	0
20090511	2646.287109	2663.949951	2579.74707	2579.74707	17503718	193385808	2592.539307	2527.515137	2517.866699	2477.55957	2161.827881	2397.637939	0	0
20090508	2586.759033	2634.061035	2574.572021	2625.64502	15849379	174624000	2588.571777	2514.400146	2511.09082	2470.291504	2155.693604	2402.091553	0	0
20090507	2612.123047	2622.112061	2566.121094	2597.447021	17784105	198989824	2558.956787	2498.230957	2498.802246	2459.155029	2149.436523	2405.682861	0	0
20090506	2563.563965	2596.925049	2552.63208	2592.52002	15738691	175516080	2533.105957	2484.620605	2486.299316	2450.520752	2142.355225	2409.191895	1	0
20090505	2577.428955	2590.775879	2552.389893	2567.336914	15392204	173313920	2494.889404	2478.95166	2478.632324	2441.619629	2135.06543	2413.052979	0	0
20090504	2486.685059	2560.543945	2486.225098	2559.910889	14872657	166068240	2462.491699	2477.963379	2471.254639	2432.077881	2128.342529	2417.115967	0	0
20090430	2477.927979	2491.072021	2461.36499	2477.569092	13032342	142065488	2440.228271	2472.365723	2464.523682	2422.272949	2121.232666	2419.989746	0	0
20090429	2401.657959	2477.725098	2395.48291	2468.191895	12354669	140227968	2437.505127	2478.022461	2461.045898	2413.811279	2114.917725	2422.670654	0	0
20090428	2382.884033	2411.437988	2372.343018	2401.437988	9238663	104409760	2436.135986	2484.809082	2456.297119	2405.482178	2108.755859	2425.266113	0	0
20090427	2443.436035	2452.927979	2393.162109	2405.3479	10535710	126570368	2463.01416	2497.383301	2454.127197	2397.210938	2103.440674	2428.038818	0	0
20090424	2477.156006	2481.5271	2445.664063	2448.594971	11038940	124442688	2493.435791	2508.218506	2452.581543	2387.993896	2097.727783	2431.30835	0	0
20090423	2440.676025	2474.145996	2422.789063	2463.954102	11577596	140964352	2504.503662	2507.781738	2448.236816	2377.503418	2092.088135	2434.680176	0	0
20090422	2548.10498	2579.218018	2449.89502	2461.345947	18107729	213984640	2518.539795	2499.373535	2439.616943	2366.672363	2085.916504	2438.218018	0	1
20090421	2523.261963	2552.5979	2499.601074	2535.827881	15781995	180986656	2533.481934	2487.977783	2433.470459	2356.579834	2080.735352	2441.559326	0	0
20090420	2500.173096	2559.035889	2497.321045	2557.456055	14305708	163364672	2531.752441	2478.313232	2422.953125	2342.677246	2075.233154	2445.387695	0	0
20090417	2524.625977	2539.352051	2481.898926	2503.935059	16051091	178011824	2523.001221	2464.545654	2409.134521	2330.529053	2069.719482	2449.044434	0	0
20090416	2542.335938	2549.312012	2497.12207	2534.134033	17824910	202458832	2511.059326	2456.681152	2397.226074	2321.100342	2065.174561	2452.684326	0	0
20090415	2514.591064	2542.540039	2485.926025	2536.055908	17699660	196891456	2480.207764	2444.069336	2381.705566	2309.899414	2060.506836	2456.998047	0	0
20090414	2512.009033	2532.089111	2495.336914	2527.180908	16393368	177057744	2442.473633	2427.785156	2365.818848	2294.411865	2055.46167	2461.252197	0	0
20090413	2468.083008	2522.445068	2464.061035	2513.700928	19059068	208587712	2424.874023	2410.87085	2347.124756	2279.954102	2050.317871	2464.928467	0	0
20090410	2400.013916	2444.980957	2392.800049	2444.226074	15793955	172687696	2406.089355	2396.94458	2327.882324	2265.592529	2045.992798	2468.265137	0	0
20090409	2345.009033	2380.935059	2331.876953	2379.875977	10890936	126747112	2402.302246	2388.692139	2312.364746	2254.826904	2042.435303	2471.804932	0	0
20090408	2429.878906	2435.387939	2346.537109	2347.38501	13815819	162022512	2407.93042	2379.860107	2300.322021	2249.050049	2039.882813	2476.17627	0	0
20090407	2422.100098	2449.537109	2407.506104	2439.181885	11850728	134799536	2413.096191	2378.963623	2290.881348	2244.158936	2036.992676	2481.107178	0	0
20090403	2446.124023	2456.811035	2406.496094	2419.778076	15969476	184928208	2396.867676	2367.59375	2274.859619	2239.712158	2033.954346	2484.996338	0	0
20090402	2417.217041	2450.00293	2417.111084	2425.291016	17500571	203449920	2387.799805	2353.724609	2263.520996	2234.435303	2031.224731	2489.744629	0	0
20090401	2380.979004	2422.625	2380.979004	2408.01709	16918491	196224688	2375.08252	2337.771484	2253.310059	2227.829834	2028.99585	2494.562256	0	0
20090331	2313.883057	2375.711914	2299.157959	2373.212891	13773675	158204720	2351.789795	2319.342041	2242.814941	2221.225098	2027.043579	2499.434814	0	0
20090330	2377.964111	2380.194092	2348.5271	2358.040039	12883378	151774016	2344.831543	2303.853027	2227.72583	2219.432617	2026.381592	2505.128418	0	0
20090327	2380.625977	2392.769043	2361.091064	2374.437988	16496032	202863920	2338.31958	2283.378418	2214.496094	2220.477295	2025.877075	2510.912354	0	0
20090326	2296.047119	2362.048096	2274.89502	2361.704102	14447753	173814544	2319.64917	2258.81958	2199.916748	2218.688965	2024.563599	2516.460938	0	0
20090325	2333.163086	2355.689941	2291.358887	2291.554932	13413162	157223408	2300.460205	2236.037109	2187.894043	2214.9021	2023.228516	2521.689941	0	0
20090324	2359.678955	2369.454102	2327.429932	2338.419922	15206755	177166592	2286.894043	2220.78418	2183.645264	2213.877686	2022.769043	2527.803711	0	0
20090323	2286.246094	2329.183105	2276.810059	2325.47998	15222049	171081296	2262.875488	2202.799316	2176.756836	2211.435303	2020.574585	2534.300293	0	0
20090320	2272.437012	2294.116943	2250.405029	2281.086914	13553856	162400256	2228.437744	2182.125732	2175.771729	2208.07666	2016.994263	2540.883789	0	0
20090319	2227.343994	2268.144043	2220.164063	2265.759033	12950084	156881088	2197.989746	2173.317871	2174.79126	2204.748535	2014.060547	2548.040039	1	0
20090318	2227.980957	2255.009033	2221.587891	2223.725098	12817079	161633264	2171.614014	2168.849365	2172.859619	2199.156738	2011.734497	2555.640869	0	0
20090317	2156.773926	2225.191895	2151.775879	2218.325928	11467189	146705664	2154.674316	2166.287598	2172.166504	2195.29126	2010.533936	2563.330811	0	0
20090316	2122.407959	2158.899902	2108.612061	2153.291016	6298474	84310464	2142.722412	2151.598145	2177.222168	2190.040283	2009.372681	2571.659424	0	0
20090313	2148.417969	2166.021973	2124.979004	2128.8479	7251353	92861384	2135.813965	2145.61377	2189.026855	2185.320068	2009.351563	2580.48999	0	0
20090312	2127.726074	2136.794922	2086.018066	2133.881104	7236789	97057608	2148.645752	2141.01416	2198.624023	2180.713623	2009.492676	2589.14502	0	0
20090311	2199.98291	2203.533936	2133.141113	2139.024902	8989151	115508400	2166.084717	2139.751221	2204.334473	2176.416016	2009.572144	2597.951172	0	0
20090310	2097.138916	2159.268066	2088.162109	2158.568115	7079725	94182424	2177.901123	2146.506348	2210.424316	2171.282471	2010.100464	2607.148193	0	0
20090309	2205.746094	2232.674072	2116.452881	2118.748047	10587584	137818080	2160.473877	2150.714844	2215.753906	2165.800537	2011.090942	2615.908203	0	0
20090306	2180.788086	2221.040039	2171.667969	2193.00708	10754408	137166496	2155.413574	2169.41748	2221.052246	2161.397949	2012.406982	2624.631348	0	0
20090305	2220.149902	2241.760986	2173.490967	2221.075928	15759548	203032992	2133.382324	2176.264893	2220.463623	2153.445801	2013.339478	2633.195557	0	0
20090304	2076.615967	2201.727051	2076.615967	2198.106934	13053489	173558560	2113.41748	2176.869629	2214.310791	2143.416748	2014.206543	2641.263916	0	0
20090303	2047.213013	2088.62793	2037.024048	2071.430908	8159284	109428672	2115.11084	2178.04541	2209.792969	2134.442139	2015.867065	2649.241699	0	0
20090302	2066.229004	2102.112061	2052.991943	2093.447021	7373706	98491888	2140.955566	2202.846191	2209.261963	2127.506592	2018.189453	2658.437256	0	0
20090227	2100.062988	2123.243896	2064.917969	2082.852051	10034224	139240640	2183.421387	2232.440186	2205.173584	2121.070068	2020.261841	2668.172119	0	0
20090226	2201.672119	2237.547119	2102.345947	2121.250977	13026067	167254032	2219.146973	2256.233887	2200.563965	2115.136963	2022.488647	2678.108643	0	0
20090225	2222.506104	2234.018066	2142.601074	2206.573975	13434452	169724320	2240.321777	2268.918213	2194.749023	2107.034912	2024.922974	2688.281006	0	0
20090224	2273.754883	2295.590088	2193.268066	2200.654053	16120020	201875312	2240.979248	2274.342773	2183.671143	2097.616211	2026.578247	2697.727295	0	1
20090223	2249.289063	2313.593994	2219.714111	2305.7771	14110633	176613392	2264.736816	2280.793457	2173.343994	2088.83252	2028.503784	2706.913574	0	0
20090220	2234.36499	2262.332031	2206.210938	2261.478027	11109258	142202944	2281.458496	2272.687012	2157.388672	2074.663818	2030.316284	2715.899658	0	0
20090219	2224.48999	2247.615967	2190.4729	2227.125	11088409	147070128	2293.321289	2264.663086	2142.036621	2059.974854	2031.007935	2724.81665	0	0
20090218	2271.26001	2295.740967	2206.062012	2209.862061	13857689	184776368	2297.514648	2251.752441	2126.690674	2046.834229	2031.780762	2734.306641	0	0
20090217	2387.354004	2402.806885	2316.934082	2319.440918	17229523	218470624	2307.706299	2241.54126	2112.640869	2034.854858	2033.786987	2744.15625	0	0
20090216	2338.758057	2389.87793	2328.178955	2389.386963	18077228	230582880	2296.850098	2215.678223	2089.837158	2019.257446	2034.767456	2752.161621	0	0
20090213	2249.185059	2323.120117	2236.177979	2320.791992	16735092	219003984	2263.915527	2177.907471	2065.385254	2001.358521	2035.241699	2760.137451	0	0
20090212	2265.789063	2274.200928	2191.886963	2248.091064	14428249	188358656	2236.005127	2144.894043	2044.588501	1986.125244	2036.378296	2768.525146	0	0
20090211	2230.48999	2305.705078	2218.297119	2260.820068	17495572	227207568	2205.990479	2120.579834	2026.093384	1974.42981	2038.228149	2777.36499	0	0
20090210	2218.489014	2266.397949	2197.00708	2265.160889	13770068	186446112	2175.376221	2092.999512	2009.25293	1965.327637	2041.102295	2785.999023	0	0
20090209	2211.316895	2238.894043	2196.708008	2224.714111	15284196	208813152	2134.505615	2065.894287	1992.852173	1957.10437	2044.955811	2795.984863	0	0
20090206	2102.077881	2185.085938	2102.077881	2181.239014	12290712	176048848	2091.899414	2042.090088	1975.6521	1950.136963	2049.077881	2805.957031	0	0
20090205	2106.834961	2149.476074	2082.595947	2098.018066	12654332	179808704	2053.782959	2019.409912	1957.630493	1943.322876	2053.32373	2816.044189	0	0
20090204	2068.085938	2108.25708	2067.785889	2107.749023	11240800	164960192	2035.169556	2001.62854	1944.375	1939.222534	2058.688232	2825.891357	0	0
20090203	2011.77002	2060.925049	2005.021973	2060.808105	9808598	145237568	2010.623047	1983.740845	1931.511475	1934.443359	2064.472168	2837.117676	0	0
20090202	2008.134033	2012.741943	1987.129028	2011.682983	6254382	90548112	1997.282837	1963.996704	1921.047119	1930.890137	2070.429688	2849.59668	0	0
20090123	2001.171997	2008.787964	1986.348022	1990.656982	6389880	93640960	1992.28064	1952.862915	1913.08374	1931.556763	2077.304443	2862.15625	0	0
20090122	1996.08606	2009.850952	1980.437988	2004.95105	6773204	97908224	1985.036743	1944.283447	1906.740845	1934.505493	2084.468262	2875.355957	0	0
20090121	1965.94397	2007.911011	1960.529053	1985.015991	6949240	98646264	1968.087646	1931.606445	1901.354736	1935.598389	2091.952148	2889.111084	0	0
20090120	1981.146973	1994.80896	1956.102051	1994.107056	5662705	82934632	1956.858398	1925.506104	1901.491577	1939.123535	2099.286377	2903.162842	0	0
20090119	1971	2018.51001	1966.187988	1986.671997	8312176	124867600	1930.710327	1919.809814	1902.709595	1939.941895	2106.921143	2917.125	0	0
20090116	1928.921997	1984.728027	1928.921997	1954.437988	10193552	147868656	1913.445313	1909.214111	1904.160522	1940.436401	2114.014404	2931.004395	0	0
20090115	1912.771973	1937.728027	1902.541992	1920.206055	8444767	126188776	1903.530029	1895.85083	1905.279541	1940.802246	2121.444824	2944.929932	0	0
20090114	1862.310059	1929.276001	1862.30896	1928.869019	6533950	97810408	1895.125	1887.121338	1908.019531	1939.783325	2129.288574	2958.795166	1	0
20090113	1880.868042	1888.30896	1861.811035	1863.366943	4997849	79809184	1894.153564	1879.282471	1909.794922	1938.641479	2136.367676	2972.65332	0	1
20090112	1897.703003	1924.44104	1886.833008	1900.347046	6030632	90622432	1908.90918	1878.097412	1914.337158	1938.901123	2143.212646	2986.645996	1	0
20090109	1875.16394	1909.348999	1875.16394	1904.860962	5098324	78200208	1904.983032	1873.304688	1920.903931	1939.484985	2149.925293	3000.323975	0	0
20090108	1890.241943	1894.171021	1862.262939	1878.18103	5602885	87735800	1888.171631	1869.198608	1929.616821	1939.252563	2157.213623	3013.795654	0	0
20090107	1938.973999	1948.233032	1920.515015	1924.011963	6508750	101468504	1879.117554	1871.102905	1937.594727	1939.60376	2165.547607	3027.32959	0	0
20090106	1878.827026	1938.689941	1871.970947	1937.14502	7074577	112999296	1864.411377	1877.477295	1945.932617	1938.705566	2173.319336	3040.869141	0	0
20090105	1849.02002	1880.715942	1844.093994	1880.715942	4723146	76897560	1847.285889	1885.609131	1950.008179	1939.780396	2181.138672	3054.054199	0	0
20081231	1834.948975	1844.366943	1814.751953	1820.805054	3443397	58598812	1841.626343	1899.106812	1956.047852	1943.21521	2189.803955	3067.336182	0	0
20081230	1851.909058	1862.937012	1826.97998	1832.910034	3874431	64432892	1850.225342	1914.708252	1963.278076	1949.770874	2198.088623	3080.989746	0	0
20081229	1846.303955	1856.333984	1815.406982	1850.47998	3790756	62787224	1863.088257	1928.917969	1966.114624	1952.088135	2206.084229	3094.065186	0	0
20081226	1852.911011	1866.630005	1840.19104	1851.517944	3569500	60504960	1890.543335	1940.307251	1968.321289	1958.088257	2212.912842	3106.837402	0	0
20081225	1865.720947	1877.767944	1832.35498	1852.418945	4316298	72833288	1923.932373	1950.576904	1969.303101	1962.585571	2220.012695	3119.19873	0	0
20081224	1873.577026	1887.313965	1850.85498	1863.800049	4937829	83169904	1956.587524	1968.503296	1972.575439	1965.092041	2226.674072	3131.133789	0	0
20081223	1990.04895	1990.04895	1895.177979	1897.224976	6826196	109226544	1979.191162	1990.034912	1974.279663	1964.935669	2233.23877	3143.185303	0	0
20081222	2016.453979	2016.453979	1965.354004	1987.755005	6153100	95539136	1994.747437	2004.086548	1973.854126	1963.148438	2240.229736	3155.62793	0	1
20081219	2006.208008	2038.656982	1997.119995	2018.463013	7449619	113438472	1990.071045	2014.388062	1969.319702	1959.383179	2246.568848	3167.509277	1	0
20081218	1978.973999	2016.56897	1958.974976	2015.69397	6654648	104159696	1977.221436	2014.407471	1966.865845	1950.358154	2253.929932	3179.818115	0	0
20081217	1983.83606	2003.375	1971.81604	1976.81897	6977629	107697168	1980.418945	2012.988525	1965.269165	1940.425781	2261.341064	3192.455566	0	1
20081216	1948.859009	1976.718994	1907.82605	1975.005981	5414640	88858896	2000.87854	2011.8479	1967.301758	1933.218628	2268.226318	3205.195801	0	0
20081215	1977.027954	1989.302979	1936.561035	1964.374023	5663032	92329216	2013.425415	2003.311279	1963.672852	1924.275146	2274.771973	3217.662842	0	0
20081212	2014.579956	2023.177002	1932.271973	1954.214966	7524856	122347216	2038.705078	1996.335327	1966.978271	1916.121704	2281.999756	3229.945801	0	0
20081211	2072.576904	2087.196045	2028.725952	2031.68103	8983109	136534816	2051.593262	1988.029541	1968.589478	1908.6073	2288.621826	3242.299561	0	0
20081210	2025.026978	2079.552002	2005.557983	2079.116943	9547218	145914544	2045.557983	1976.647461	1963.386108	1899.671509	2296.200439	3253.836426	0	0
20081209	2100.771973	2100.805908	2036.889038	2037.73999	10634803	162663392	2022.817383	1958.52417	1952.385742	1887.694702	2302.164063	3264.994385	0	0
20081208	2049.162109	2091.283936	2038.188965	2090.772949	11905087	185099584	1993.196899	1943.621704	1942.679321	1878.830811	2309.133789	3276.330566	0	0
20081205	1984.258057	2019.748047	1975.71106	2018.656006	8268324	131765928	1953.965454	1924.250366	1931.880493	1866.583496	2315.617188	3287.980957	0	0
20081204	1992.719971	2055.207031	1985.197998	2001.504028	12581744	200387824	1924.465454	1919.323608	1918.333374	1860.615601	2323.441162	3299.120117	0	0
20081203	1903.428955	1965.829956	1902.939941	1965.41394	9083185	150121680	1907.736694	1917.549194	1904.144287	1856.417603	2331.963867	3310.558838	0	0
20081202	1856.969971	1907.775024	1846.532959	1889.637939	6864563	112980424	1894.230835	1922.755249	1893.903931	1854.097778	2341.188232	3322.532227	0	0
20081201	1865.743042	1895.755981	1838.099976	1894.61499	5324873	90003944	1894.046265	1924.034424	1884.757202	1856.394287	2353.188477	3335.102295	0	0
20081128	1901.675049	1915.274048	1856.286011	1871.156006	5177132	87530424	1894.535156	1937.621338	1876.015259	1859.040527	2365.330566	3347.460449	0	0
20081127	2012.686035	2022.483032	1916.465942	1917.860962	8652565	141806560	1914.181885	1949.149658	1868.896484	1861.023682	2377.820313	3360.832764	0	0
20081126	1890.333008	1914.708008	1873.178955	1897.884033	4318918	72458224	1927.361572	1950.124756	1861.183838	1860.759766	2390.474854	3374.335938	0	0
20081125	1925.248047	1939.369019	1858.165039	1888.714966	4695892	78601200	1951.279663	1946.247314	1852.280273	1863.985962	2403.484619	3387.824219	0	0
20081124	1961.206055	1974.469971	1893.343018	1897.060059	5612695	94404968	1954.022705	1941.736572	1846.435791	1868.272827	2416.356201	3401.534424	0	0
20081121	1932.595947	2013.178955	1893.146973	1969.389038	8602522	143758160	1980.707642	1939.510498	1837.750366	1874.156372	2428.892822	3415.407471	0	0
20081120	1977.208008	2030.868042	1956.734009	1983.76001	8779474	143965808	1984.117432	1917.343018	1831.261963	1875.195801	2441.306152	3429.180664	0	0
20081119	1889.350952	2023.911011	1883.834961	2017.473999	8633885	145326064	1972.888062	1890.739502	1825.851929	1878.223145	2452.903076	3441.87793	0	0
20081118	2020.985962	2050.878906	1889.86499	1902.430054	10371816	173129184	1941.21521	1865.052734	1819.769287	1880.714966	2464.128662	3454.559082	0	0
20081117	1981.264038	2031.103027	1963.854004	2030.484985	9239721	153064800	1929.450562	1845.480103	1822.574463	1889.228516	2477.217529	3468.211426	0	0
20081114	1943.963989	1987.260986	1921.83606	1986.437988	9023121	147962960	1898.313721	1814.40918	1819.750244	1894.003662	2489.343506	3481.409424	0	0
20081113	1837.274048	1942.896973	1825.883057	1927.613037	8039560	137423968	1850.568726	1788.643799	1816.960938	1904.248413	2502.324707	3495.871094	0	0
20081112	1820.438965	1863.895996	1815.07605	1859.109985	4227028	75258600	1808.590576	1772.243164	1816.077393	1916.578003	2514.953857	3510.306641	0	0
20081111	1872.067017	1887.795044	1840.916016	1843.607056	5837978	103059600	1788.890381	1758.313232	1822.855225	1928.501465	2529.500732	3525.407959	0	0
20081110	1782.305054	1876.161987	1782.305054	1874.801025	5894301	107350832	1761.509521	1751.13501	1831.541016	1940.431641	2544.339355	3541.144287	0	0
20081107	1686.524048	1762.233032	1680.602051	1747.713013	2963333	54787372	1730.504272	1735.989868	1841.479248	1952.485229	2559.026855	3557.30249	0	0
20081106	1720.421021	1728.218994	1703.098999	1717.722046	2776798	51488500	1726.71875	1745.180664	1854.122314	1963.397949	2574.941406	3574.131104	1	0
20081105	1716.218994	1788.258057	1716.218994	1760.609009	3880424	70096096	1735.895874	1760.9646	1871.96521	1969.335083	2590.295898	3590.849121	0	0
20081104	1707.925049	1717.100952	1678.957031	1706.703003	2440821	44283540	1727.736328	1774.485962	1888.546143	1974.949585	2605.848877	3606.79834	0	0
20081103	1713.762939	1750.31897	1702.980957	1719.774048	2374304	40779560	1740.760132	1799.668579	1911.102783	1984.280762	2621.739014	3622.330078	0	0
20081031	1754.206055	1765.678955	1721.589966	1728.786011	2592314	46611696	1741.475342	1825.091553	1933.801025	1996.277344	2637.881348	3637.700928	0	0
20081030	1732.771973	1788.203979	1710.725952	1763.607056	3688468	65750448	1763.642334	1845.278076	1962.050781	2007.950439	2653.301025	3654.157959	0	0
20081029	1786.199951	1795.087036	1719.334961	1719.812012	3671242	62683128	1786.033203	1859.911499	1988.745483	2020.855469	2669.717041	3670.197021	0	0
20081028	1671.395996	1786.435059	1664.925049	1771.821045	4135725	73037016	1821.235107	1887.397095	2013.595459	2035.054443	2686.726563	3685.987305	0	0
20081027	1809.224976	1809.224976	1721.604004	1723.350952	3323123	58625436	1858.576782	1911.947021	2035.080078	2047.44104	2702.737549	3702.171631	0	0
20081024	1875.630981	1888.100952	1825.526001	1839.620972	3244787	51634504	1908.707764	1946.96875	2060.73291	2063.410889	2717.737793	3718.57959	0	0
20081023	1851.259033	1879.848999	1828.307983	1875.561035	3382043	54004504	1926.913696	1963.063843	2072.506592	2078.003906	2731.36377	3735.366211	0	0
20081022	1932.677002	1950.791016	1894.310059	1895.822021	3312236	53899980	1933.789795	1982.966064	2073.520264	2091.374268	2745.38208	3752.232178	0	0
20081021	1978.67395	1996.657959	1956.109985	1958.529053	3983279	62318900	1953.558838	2002.606445	2075.181641	2105.01001	2759.442139	3768.769287	0	0
20081020	1924.177002	1979.838989	1890.920044	1974.005981	3342400	54057592	1965.317139	2022.537354	2076.587158	2117.230225	2770.440674	3784.54834	0	0
20081017	1921.842041	1941.29895	1902.598022	1930.651001	2704099	45736072	1985.229736	2042.510498	2081.870361	2131.342529	2780.222412	3800.305176	0	0
20081016	1916.133057	1943.319946	1901.503052	1909.94104	3632407	59837808	1999.213867	2078.82373	2089.286621	2145.325439	2790.108643	3815.668701	0	0
20081015	1995.88501	2013.490967	1963.103027	1994.666992	3061363	47896864	2032.142212	2117.57959	2101.327393	2159.732178	2799.981201	3830.892578	0	1
20081014	2139.064941	2146.72998	2016.18396	2017.321045	5541136	81131896	2051.653809	2139.793945	2108.883057	2171.579346	2810.215332	3845.684814	0	0
20081013	1978.560059	2074.468018	1931.472046	2073.568115	4372383	68468912	2079.757324	2158.213379	2115.187988	2184.781006	2820.834473	3859.824463	0	0
20081010	1995.957031	2027.831055	1963.182983	2000.572021	3983688	63544592	2099.791504	2174.497559	2121.631836	2195.836426	2831.45752	3873.167725	0	0
20081009	2125.566895	2130.870117	2063.407959	2074.583008	3715232	53369616	2158.433838	2181.949219	2135.474121	2210.207764	2842.258545	3886.519531	0	0
20081008	2095.910889	2127.084961	2059.085938	2092.224121	4201692	58859320	2203.01709	2164.074707	2145.578613	2225.164307	2854.077881	3899.924805	0	0
20081007	2101.093018	2182.998047	2072.895996	2157.839111	4876434	66974600	2227.93457	2147.756836	2156.212158	2233.572754	2865.57373	3913.49585	0	0
20081006	2267.394043	2267.394043	2172.569092	2173.738037	4878831	69697848	2236.668945	2130.636475	2164.576904	2238.973389	2876.040527	3926.68335	0	0
20080926	2304.118896	2310.445068	2246.279053	2293.783936	6873309	90838416	2249.203369	2121.22998	2175.758545	2248.202637	2888.030518	3939.868408	0	0
20080925	2214.583984	2333.2771	2211.449951	2297.500977	8670578	120054840	2205.4646	2099.749512	2178.576416	2252.979492	2898.912598	3952.274414	0	0
20080924	2133.0979	2218.291016	2116.959961	2216.811035	5054820	74211936	2125.131592	2085.075439	2180.808838	2257.938965	2908.485352	3964.785156	0	0
20080923	2209.12207	2253.39502	2181.959961	2201.51001	8007623	115289912	2067.578857	2077.972168	2187.472168	2265.951904	2917.910889	3977.60376	0	0
20080922	2241.7229	2269.73291	2164.798096	2236.409912	11774452	165326448	2024.604248	2072.163574	2198.064941	2274.904053	2927.30835	3990.046387	1	0
20080919	2067.643066	2075.091064	2043.31604	2075.091064	4310888	69866552	1993.256836	2068.76709	2206.505859	2287.2146	2937.610596	4002.195313	0	0
20080918	1876.121948	1942.845947	1802.331055	1895.837036	4511456	78205712	1994.03479	2088.999023	2224.337158	2308.964111	2950.152588	4014.585449	0	0
20080917	1971.94397	1999.953003	1922.680054	1929.046997	3298098	52543628	2045.019165	2127.08252	2255.709229	2336.415039	2962.782959	4027.458008	0	0
20080916	2049.812988	2049.812988	1974.387939	1986.635986	3499798	53970792	2088.365723	2164.667236	2276.480469	2361.804932	2976.764648	4041.163086	0	0
20080912	2077.550049	2104.625977	2064.290039	2079.673096	2340810	34787752	2119.722412	2198.51709	2293.14209	2386.975342	2990.456299	4054.324951	0	0
20080911	2143.399902	2148.124023	2070.427002	2078.980957	2813433	42648420	2144.277344	2230.286621	2311.688965	2411.046631	3003.34375	4067.581055	0	0
20080910	2131.800049	2185.694092	2102.906006	2150.759033	2947576	45161048	2183.963135	2257.402832	2329.594238	2434.27124	3017.656982	4080.507813	0	0
20080909	2152.2771	2161.350098	2114.50293	2145.779053	2247967	35492472	2209.145996	2276.541504	2344.371094	2457.13501	3031.434814	4093.081055	0	0
20080908	2210.343994	2220.545898	2135.375	2143.420898	2854535	43397108	2240.968262	2296.971924	2359.942139	2480.619385	3044.899902	4105.782227	0	0
20080905	2224.5271	2238.323975	2199.36499	2202.446045	2884503	44475660	2277.311035	2323.967041	2376.274902	2505.938965	3057.612549	4118.084473	0	1
20080904	2270.523926	2295.35498	2249.120117	2277.410889	2651747	38202468	2316.295654	2344.245117	2396.438232	2528.027588	3071.092529	4129.945801	0	0
20080903	2301.940918	2321.534912	2248.066895	2276.672119	3336524	47500948	2330.841797	2359.675537	2418.946777	2549.123291	3085.135986	4141.273926	0	0
20080902	2312.102051	2329.009033	2284.919922	2304.891113	2663539	38145536	2343.937012	2384.336426	2441.081543	2567.829102	3099.257568	4152.945801	0	0
20080901	2380.468018	2380.468018	2311.727051	2325.13501	2945559	40737472	2352.975586	2388.294434	2460.374268	2585.870117	3113.967773	4164.327148	0	0
20080829	2361.045898	2420.8479	2352.099121	2397.368896	3856385	53558024	2370.623535	2387.767822	2481.20459	2603.746338	3129.307617	4175.45752	1	0
20080828	2341.956055	2374.246094	2333.030029	2350.143066	2948985	39528972	2372.194824	2393.092041	2501.426758	2616.446289	3143.881592	4185.997559	0	0
20080827	2343.88208	2385.990967	2310.455078	2342.146973	3337800	45313216	2388.509277	2401.785889	2522.705566	2627.601074	3160.134277	4196.517578	0	0
20080826	2384.946045	2403.016113	2327.219971	2350.083984	3208770	45299688	2424.736328	2412.200928	2547.431152	2639.725098	3176.958008	4206.970215	0	0
20080825	2408.094971	2443.98999	2382.291016	2413.374023	2754667	37645584	2423.613525	2422.912598	2572.442871	2654.036865	3193.145996	4217.188965	0	0
20080822	2414.458984	2426.707031	2362.093018	2405.226074	3730218	51627372	2404.912109	2428.58252	2596.924561	2669.533447	3209.16333	4226.161621	0	0
20080821	2484.485107	2518.443115	2431.045898	2431.716064	5367038	70987704	2413.989014	2448.631348	2619.918457	2684.579834	3226.105469	4235.602539	0	0
20080820	2332.483887	2523.468994	2306.662109	2523.281982	6101433	84807496	2415.062256	2478.217285	2643.847168	2699.371094	3242.079102	4245.35498	0	0
20080819	2297.245117	2355.928955	2284.584961	2344.468994	2862834	44176704	2399.665283	2497.826172	2659.575684	2712.613281	3256.881104	4254.753418	0	0
20080818	2451.778076	2455.503906	2318.926025	2319.86792	3674775	58981748	2422.211182	2532.453857	2684.658203	2728.295654	3273.460938	4264.655762	0	0
20080815	2434.407959	2476.85791	2414.572998	2450.610107	2800161	36014376	2452.252441	2574.641113	2711.73584	2744.046387	3289.446777	4274.374023	0	0
20080814	2432.197021	2454.250977	2409.01001	2437.082031	2842233	35297168	2483.273926	2609.761719	2728.123535	2751.356201	3303.963135	4283.587891	0	0
20080813	2440.524902	2458.769043	2370.737061	2446.297119	3643190	47367936	2541.373047	2643.625244	2740.508301	2760.237549	3320.072998	4292.492676	0	0
20080812	2445.216064	2484.746094	2430.849121	2457.197998	3206956	42361576	2595.987305	2682.662109	2753.486816	2767.085205	3337.413574	4301.3125	0	0
20080811	2595.89502	2601.501953	2453.707031	2470.073975	4289025	54781008	2642.696777	2721.973633	2769.599121	2773.565674	3354.995605	4309.995605	0	0
20080808	2724.429932	2725.930908	2595.916992	2605.718994	4776206	56105980	2697.030029	2765.267334	2790.008545	2782.433594	3373.280762	4318.35791	0	0
20080807	2717.501953	2742.705078	2691.35498	2727.576904	3965868	44671096	2736.249512	2791.205566	2802.554199	2787.190918	3389.634033	4325.56543	0	0
20080806	2711.602051	2743.113037	2678.862061	2719.36792	4206145	45442544	2745.877686	2809.477051	2809.947754	2792.999756	3404.380371	4331.857422	0	0
20080805	2751.199951	2762.262939	2684.733887	2690.746094	4332971	46659852	2769.337402	2821.325195	2820.006836	2799.187988	3419.655029	4338.86377	0	1
20080804	2782.985107	2793.25708	2738.850098	2741.73999	3825977	40568644	2801.250732	2836.862305	2826.216797	2802.930176	3434.654785	4345.86377	0	0
20080801	2751.02002	2830.763916	2721.951904	2801.816895	5194494	55275272	2833.505127	2848.830078	2828.749512	2803.552979	3450.137451	4352.278809	0	0
20080731	2844.650879	2847.996094	2774.104004	2775.717041	4460402	49622272	2846.161621	2846.485107	2822.153564	2804.550049	3465.724121	4358.457031	0	0
20080730	2884.585938	2894.368896	2822.187988	2836.667969	4993424	53884536	2873.076904	2837.391113	2818.543945	2803.655273	3478.599121	4364.649902	0	0
20080729	2868.008057	2868.008057	2827.697021	2850.311035	6025029	63564360	2873.312988	2824.311035	2809.296875	2807.136963	3491.48877	4370.14502	0	0
20080728	2883.760986	2924.447021	2883.760986	2903.011963	6571148	68579904	2872.474121	2817.225098	2799.361328	2805.284912	3504.55127	4375.597656	0	0
20080725	2875.77002	2888.577881	2851.928955	2865.101074	6503748	68343504	2864.155518	2814.749512	2791.016113	2804.321289	3517.509033	4380.221191	0	0
20080724	2861.810059	2912.701904	2849.096924	2910.291992	7972138	81197952	2846.808838	2813.902832	2785.182617	2804.44458	3530.460938	4384.412598	0	0
20080723	2870.934082	2887.575928	2831.111084	2837.849121	6564399	68438072	2801.705811	2810.418457	2784.760498	2806.019287	3545.888916	4388.491699	0	0
20080722	2852.441895	2868.621094	2830.764893	2846.116943	6636778	68271232	2775.309326	2818.687988	2788.118652	2812.231934	3561.554932	4392.725098	0	0
20080721	2759.883057	2865.064941	2745.64209	2861.417969	7161614	76770960	2761.975586	2815.571045	2785.963867	2819.772949	3577.029053	4396.62793	0	0
20080718	2711.741943	2785.530029	2665.906982	2778.366943	6054185	65602520	2765.343262	2808.668945	2780.913818	2835.381348	3591.182129	4400.840332	0	0
20080717	2747.950928	2773.281006	2676.148926	2684.778076	5275686	58282336	2780.996582	2797.821533	2783.582275	2854.490723	3608.981934	4405.390625	0	0
20080716	2753.897949	2765.147949	2656.613037	2705.866943	6181473	68568856	2819.131104	2799.696533	2786.787109	2877.328125	3629.780029	4410.114258	0	0
20080715	2886.112061	2896.327881	2769.914063	2779.447998	7683057	79053112	2862.066895	2794.282227	2798.549316	2901.679443	3650.161133	4414.703125	0	0
20080714	2837.495117	2895.302002	2828.236084	2878.256104	6059325	60835796	2869.166504	2781.498047	2799.314453	2924.33252	3671.087646	4419.118164	0	0
20080711	2863.812988	2888.287109	2821.311035	2856.634033	7117389	71766360	2851.994629	2767.282715	2799.106934	2942.835693	3692.467285	4422.72998	0	0
20080710	2879.624023	2952.039063	2862.059082	2875.449951	10145545	100821680	2814.646484	2756.462402	2799.715332	2960.99585	3714.477539	4425.76709	0	0
20080709	2838.863037	2920.545898	2838.863037	2920.545898	10809209	108666488	2780.262207	2759.102783	2803.819336	2980.448242	3736.221436	4429.529297	0	0
20080708	2805.60791	2843.603027	2754.615967	2814.947021	8937358	90256344	2726.498047	2757.549316	2809.003906	2995.609863	3757.354736	4433.446289	0	0
20080707	2673.550049	2801.533936	2673.550049	2792.396973	8373474	86034032	2693.82959	2756.356689	2821.873535	3013.929932	3779.195557	4437.531738	0	0
20080704	2691.207031	2713.476074	2645.829102	2669.89209	6304062	62687236	2682.570801	2753.158691	2848.737061	3036.619629	3800.812988	4441.644531	1	0
20080703	2610.814941	2746.368896	2566.528076	2703.529053	7585691	77505648	2698.278809	2769.343018	2882.824707	3063.810791	3823.508301	4446.62207	0	0
20080702	2656.038086	2700.903076	2627.897949	2651.725098	4445559	45091528	2737.942871	2773.877441	2916.144043	3091.83252	3845.658691	4452.121582	0	0
20080701	2743.164063	2753.330078	2644.775879	2651.60498	4392889	45453360	2788.60083	2802.81665	2955.377686	3118.213867	3867.893555	4457.408203	0	0
20080630	2724.404053	2766.802979	2693.404053	2736.103027	4156411	44112864	2818.883545	2817.131104	2995.749512	3149.98584	3889.736816	4462.565918	0	0
20080627	2809.309082	2822.263916	2723.157959	2748.431885	6338610	70161208	2823.746582	2830.931152	3030.612061	3179.590088	3910.782471	4467.986816	0	0
20080626	2904.093994	2931.305908	2851.115967	2901.850098	7082800	74487136	2840.406982	2842.968018	3063.262207	3209.219971	3932.119629	4473.916504	0	0
20080625	2794.040039	2910.480957	2784.416016	2905.013916	6914585	74052208	2809.812012	2848.536133	3091.12085	3234.406006	3951.549072	4479.034668	0	0
20080624	2747.322021	2817.167969	2728.830078	2803.019043	5141186	57185820	2817.032471	2860.458496	3114.640381	3256.247314	3970.683594	4484.493164	0	0
20080623	2780.147949	2813.136963	2741.189941	2760.416992	4302874	46920520	2815.378662	2887.389893	3142.716553	3283.712646	3990.943848	4490.293945	0	0
20080620	2811.083984	2917.324951	2695.62793	2831.736084	8133117	84863688	2838.115723	2944.31543	3178.350342	3312.148682	4010.455322	4495.78418	0	0
20080619	2921.720947	2921.720947	2742.150879	2748.874023	6125590	65349656	2845.528809	2996.306152	3211.044922	3339.652344	4028.886719	4500.91748	0	0
20080618	2772.366943	2945.422119	2729.710938	2941.11499	7125043	77755144	2887.260254	3058.4104	3250.810547	3367.328125	4047.161133	4506.62793	0	0
20080617	2873.128906	2893.470947	2769.11792	2794.750977	4495248	48797888	2903.885254	3107.938721	3275.913086	3393.740967	4062.953369	4511.151855	0	0
20080616	2876.293945	2917.810059	2811.716064	2874.103027	4444204	46746840	2959.401611	3174.36792	3316.413574	3425.949463	4080.303711	4515.955566	0	0
20080613	2960.905029	2976.449951	2865.5	2868.800049	4618788	46166400	3050.515137	3230.292725	3353.919922	3453.25	4098.085449	4520.11084	0	0
20080612	3011.558105	3031.063965	2900.115967	2957.531982	5830280	57426480	3147.084229	3283.556641	3392.346436	3475.070068	4115.495605	4524.199707	0	0
20080611	3042.157959	3064.199951	2992.351074	3024.23999	5573300	54367536	3229.560303	3333.705811	3427.341309	3492.309814	4133.312012	4527.475098	0	0
20080610	3202.113037	3215.500977	3045.058105	3072.333008	6249762	59388628	3311.991699	3368.822754	3454.14209	3510.093506	4151.23584	4530.446777	0	0
20080606	3362.004883	3371.282959	3312.720947	3329.669922	4341963	37800212	3389.333984	3398.043701	3481.874268	3527.116699	4168.648926	4532.838867	0	0
20080605	3355.927979	3376.341064	3326.537109	3351.64502	5411393	44932212	3410.070801	3412.385986	3496.065186	3525.405273	4183.333008	4535.522949	0	0
20080604	3424.037109	3428.467041	3341.739014	3369.913086	6019648	52348536	3420.028809	3425.784424	3511.324951	3518.610107	4197.361328	4538.555664	0	0
20080603	3456.580078	3469.062988	3409.226074	3436.397949	7026176	60382128	3437.851563	3443.21167	3521.786621	3510.178955	4211.300781	4541.288086	0	0
20080602	3426.195068	3483.610107	3400.7229	3459.043945	6277797	52643064	3425.653076	3443.887939	3536.641846	3498.787842	4223.630371	4544.881836	0	0
20080530	3414.253906	3450.49292	3390.883057	3433.354004	6579163	52321308	3406.753418	3458.459717	3551.739746	3490.910889	4235.376953	4548.134766	0	0
20080529	3447.768066	3481.733887	3400.772949	3401.437012	6832216	55859472	3414.701172	3477.547607	3564.728027	3486.185791	4247.36377	4551.120605	0	0
20080528	3382.773926	3486.332031	3354.253906	3459.025879	7012797	58691656	3431.539551	3501.136719	3570.826172	3484.41626	4260.712891	4554.119141	0	0
20080527	3355.114014	3383.678955	3333.950928	3375.406982	5619707	46791212	3448.571533	3520.977051	3571.611328	3479.004395	4271.916016	4556.978516	0	0
20080526	3442.291016	3443.988037	3361.985107	3364.543945	6836128	58135104	3462.122559	3539.460938	3580.728516	3482.920898	4284.296875	4559.917969	0	0
20080523	3473.801025	3521.393066	3435.841064	3473.091064	7736792	64827600	3510.166016	3565.704346	3591.652832	3486.493896	4297.58252	4562.749023	0	0
20080522	3493.066895	3558.019043	3469.791992	3485.629883	9534769	74141048	3540.394531	3579.744629	3581.914551	3484.520752	4310.574707	4564.977051	0	1
20080521	3414.343994	3560.528076	3355.083984	3544.186035	9908072	83767520	3570.733154	3596.865723	3565.022705	3488.751221	4323.0625	4567.227539	0	0
20080520	3601.549072	3632.006104	3432.38208	3443.162109	9077331	73766928	3593.38208	3600.361816	3543.662109	3490.598877	4336.979004	4568.995605	0	0
20080519	3615.593994	3624.843994	3563.608887	3604.760986	6855285	52545788	3616.798828	3629.395752	3526.237061	3490.70166	4352.400391	4570.818848	0	0
20080516	3637.635986	3661.071045	3582.5	3624.23291	9078186	69987384	3621.242676	3645.020264	3507.13623	3482.13916	4366.276367	4572.585449	0	0
20080515	3676.839111	3706.721924	3636.224121	3637.323975	11427134	90776040	3619.094971	3651.908203	3490.504395	3472.303223	4380.376465	4574.174805	0	0
20080514	3549.667969	3661.970947	3549.667969	3657.431885	12485206	98320944	3622.998047	3640.516113	3476.055908	3466.816162	4394.776367	4575.825195	0	0
20080513	3515.710938	3615.060059	3508.320068	3560.24292	12508817	100877256	3607.341064	3622.244873	3458.018066	3464.239746	4409.403809	4577.24707	0	0
20080512	3548.614014	3668.856934	3521.87793	3626.981934	11874759	88341688	3641.99292	3621.995605	3454.650879	3459.281738	4422.71875	4578.806152	0	0
20080509	3682.955078	3693.159912	3552.4729	3613.493896	13136140	98179832	3668.798096	3617.600342	3446.888672	3458.61084	4435.725098	4579.663574	0	0
20080508	3538.916016	3658.047119	3523.024902	3656.839111	11095501	84183656	3684.721191	3584.083496	3436.908936	3459.148438	4449.908691	4580.249023	0	0
20080507	3716.446045	3774.065918	3577.990967	3579.146973	13648208	103084976	3658.033936	3533.179199	3434.69458	3458.127197	4463.852051	4580.753418	0	0
20080506	3735.849121	3786.023926	3680.98999	3733.50293	15130520	112059712	3637.148926	3486.962158	3435.718018	3465.374268	4480.708008	4581.413086	0	0
20080505	3739.797119	3768.216064	3696.697021	3761.009033	15104224	114998528	3601.998535	3423.078613	3421.35498	3467.726318	4495.733398	4581.361328	0	0
20080430	3545.572998	3705.093018	3543.019043	3693.105957	16117537	129116720	3566.401855	3369.251953	3400.69873	3467.746338	4511.345215	4581.161133	0	0
20080429	3457.351074	3544.229004	3453.279053	3523.405029	10163484	76591712	3483.446777	3329.101074	3382.501221	3466.938965	4528.716797	4580.725098	0	0
20080428	3497.383057	3530.905029	3460.254883	3474.721924	11180969	88413248	3408.324707	3311.596191	3379.966309	3476.827148	4548.641602	4580.427734	0	0
20080425	3572.547119	3658.551025	3527.837891	3557.749023	19041105	154200064	3336.775391	3293.791016	3385.237549	3493.092285	4569.309082	4580.978516	0	0
20080424	3539.86792	3593.197021	3461.643066	3583.028076	19581920	169669168	3244.15918	3287.30542	3377.925049	3506.875488	4588.804688	4581.194824	0	0
20080423	3116.412109	3296.717041	3089.893066	3278.330078	8855600	78084672	3172.102051	3276.176758	3379.116455	3523.111572	4606.845703	4581.248535	1	0
20080422	3076.715088	3148.730957	2990.788086	3147.792969	6075171	58166392	3174.755371	3289.734375	3396.680908	3552.696777	4626.106934	4582.208008	0	0
20080421	3305.1521	3305.167969	3073.562988	3116.977051	8289630	75287832	3214.867676	3336.209473	3420.60083	3585.980469	4646.229004	4583.741211	0	0
20080418	3200.570068	3203.709961	3078.174072	3094.667969	5617528	51886324	3250.806885	3384.473389	3454.580566	3625.431885	4668.946289	4585.253906	0	1
20080417	3286.414063	3352.950928	3180.198975	3222.740967	6389437	53155276	3330.45166	3419.630859	3490.050049	3667.64209	4691.268555	4586.651855	0	0
20080416	3349.930908	3363.216064	3283.077881	3291.599121	5489637	48882912	3380.251953	3432.14502	3516.993408	3703.305908	4711.640625	4587.356934	0	0
20080415	3282.572021	3349.76001	3212.149902	3348.353027	6082484	53679176	3404.713623	3435.901123	3535.858154	3738.10083	4732.693359	4587.484863	0	0
20080414	3419.047119	3427.884033	3285.298096	3296.672119	6910468	60440568	3457.550781	3448.337158	3559.442627	3774.431396	4753.334473	4587.367676	0	0
20080411	3498.554932	3517.818115	3462.135986	3492.893066	6054864	51120848	3518.140137	3476.684326	3592.742676	3809.493652	4776.164551	4587.347656	0	0
20080410	3378.138916	3474.312012	3344.870117	3471.74292	6181000	55639804	3508.810059	3468.544434	3616.660889	3836.381348	4797.824707	4586.541016	0	0
20080409	3585.846924	3606.886963	3413.072021	3413.906982	8438126	74064056	3484.037842	3482.056152	3646.579346	3865.124756	4819.143555	4585.664551	0	0
20080408	3604.262939	3656.960938	3563.850098	3612.539063	9578320	80011840	3467.089111	3503.627441	3684.178223	3892.600342	4839.888184	4584.745117	0	0
20080407	3418.516113	3613.47998	3386.511963	3599.61792	8786850	74804896	3439.123779	3504.992188	3710.865967	3911.933594	4859.060547	4583.084961	1	0
20080403	3323.426025	3456.947998	3271.290039	3446.243896	6956696	64333600	3435.229248	3524.687988	3745.910889	3937.622559	4877.15918	4581.378418	0	0
20080402	3370.604004	3464.531006	3283.639893	3347.88208	8930532	76998640	3428.279297	3560.469238	3791.647949	3973.65332	4896.072754	4580.148926	0	0
20080401	3461.084961	3493.133057	3308.9021	3329.162109	7520142	63121932	3480.074219	3601.841309	3838.886719	4014.291748	4915.61377	4579.248535	0	0
20080331	3465.907959	3555.823975	3445.555908	3472.712891	6866420	54362680	3540.165527	3635.814941	3889.200684	4058.795898	4934.13916	4578.229004	0	0
20080328	3378.62793	3590.75293	3357.229004	3580.145996	9263038	72072288	3570.860596	3670.548096	3937.479004	4095.310303	4950.27832	4576.622559	0	0
20080327	3541.275879	3541.275879	3407.895996	3411.49292	7901149	62824512	3614.146484	3708.800781	3975.898438	4125.876465	4964.931152	4574.531738	0	0
20080326	3644.129883	3698.324951	3591.10791	3606.856934	7200284	52152384	3692.658936	3764.777344	4020.299561	4163.903809	4981.717773	4573.01416	0	0
20080325	3559.941895	3659.209961	3521.528076	3629.618896	7906364	57290504	3723.608643	3811.103027	4056.658936	4193.366211	4997.368652	4570.644043	0	0
20080324	3830.345947	3840.479004	3624.936035	3626.187988	8987022	63887304	3731.464111	3864.729248	4087.08667	4225.702148	5012.577637	4567.847168	0	0
20080321	3790.111084	3838.058105	3746.39502	3796.575928	9771793	69849408	3770.23584	3916.740234	4115.404297	4260.567871	5027.943359	4565.148926	0	0
20080320	3721.503906	3857.620117	3516.330078	3804.053955	10844591	81305184	3803.455566	3967.134277	4144.089844	4278.041016	5041.266113	4561.587402	0	0
20080319	3746.047119	3813.88501	3677.816895	3761.60498	9011868	68380480	3836.895996	4022.827637	4180.245117	4297.352539	5054.775391	4558.230469	0	0
20080318	3789.564941	3862.771973	3607.25	3668.896973	8168087	65893996	3898.598145	4075.932373	4220.516602	4319.227539	5068.607422	4555.003418	0	0
20080317	3941.258057	3941.258057	3812.999023	3820.048096	7488093	53709180	3997.994629	4142.586914	4270.286133	4345.528809	5082.301758	4552.080078	0	0
20080314	3956.746094	4000.780029	3891.699951	3962.673096	6528666	45002556	4063.244629	4204.40918	4307.691406	4365.503906	5094.414551	4548.512207	0	0
20080313	4033.319092	4055.446045	3902.248047	3971.25708	9768980	68400888	4130.813477	4242.996094	4334.414063	4392.137695	5104.497559	4544.248047	0	0
20080312	4254.672852	4272.979004	4068.781006	4070.115967	8994293	61516848	4208.758789	4275.821777	4363.467285	4417.020508	5114.02002	4539.723633	0	1
20080311	4121.652832	4165.915039	4063.469971	4165.87793	8057643	54501736	4253.266602	4302.214355	4384.497559	4438.117676	5124.729492	4534.583984	0	0
20080310	4265.61084	4265.61084	4120.529785	4146.298828	9864479	69931288	4287.180176	4309.444336	4406.188477	4451.24707	5133.990234	4529.24707	0	0
20080307	4315.808105	4341.294922	4265.829102	4300.515137	9288245	58950768	4345.573242	4314.067871	4432.481934	4476.851074	5144.384766	4523.850586	0	0
20080306	4310.354004	4427.498047	4260.787109	4360.98584	13415571	87987784	4355.178711	4321.044922	4433.495117	4506.185059	5152.803223	4518.172852	0	0
20080305	4316.25	4352.821777	4210.962891	4292.653809	11463754	77604472	4342.884277	4337.664063	4434.615234	4532.539551	5160.578613	4511.815918	0	0
20080304	4454.180176	4472.150879	4321.266113	4335.445801	13707896	90624112	4351.163086	4365.101563	4440.875488	4565.804688	5169.148926	4506.808105	0	0
20080303	4323.698242	4456.962891	4279.345215	4438.265137	12648362	82300320	4331.709961	4397.986328	4447	4602.749023	5176.51123	4501.459961	0	0
20080229	4293.533203	4364.813965	4275.898926	4348.542969	7633339	50376740	4282.563477	4410.975098	4446.051758	4638.070313	5182.591797	4495.679199	1	0
20080228	4343.276855	4344.925781	4265.498047	4299.513184	7619697	50053344	4286.911621	4425.833008	4466.708984	4675.940918	5188.932129	4489.904785	0	0
20080227	4256.532227	4360.700195	4222.458984	4334.046875	8396404	53809632	4332.444336	4451.113281	4487.620117	4714.508789	5196.39209	4484.035156	0	0
20080226	4302.734863	4331.640137	4123.305176	4238.179199	9124684	60116852	4379.040039	4466.78125	4506.069336	4751.234375	5203.193359	4477.927734	0	0
20080225	4370.187988	4391.333008	4182.773926	4192.533203	9407323	62083396	4464.262695	4502.932617	4522.147461	4789.512695	5210.438965	4471.896484	0	1
20080222	4500.384766	4500.384766	4333.033203	4370.285156	11106512	71599536	4539.386719	4550.895996	4558.243164	4829.539551	5217.437988	4466.077637	0	0
20080221	4534.168945	4568.208008	4452.674805	4527.176758	10115645	64048600	4564.754883	4545.944336	4598.754883	4862.583008	5222.519043	4459.460938	0	0
20080220	4682.587891	4695.801758	4556.813965	4567.025879	11613622	70769216	4569.782715	4531.565918	4629.976563	4889.006348	5226.085938	4452.055664	0	0
20080219	4582.28418	4665.554199	4544.943848	4664.294922	10439138	64059076	4554.521973	4516.648438	4666.155762	4912.532227	5228.901367	4444.237793	0	0
20080218	4546.751953	4601.224121	4517.596191	4568.150879	9351608	59066104	4541.602051	4496.013672	4705.130371	4932.441895	5228.836914	4436.273438	1	0
20080215	4523.791992	4523.791992	4431.462891	4497.126953	6784118	44143680	4562.405762	4481.12793	4751.618164	4957.132324	5230.481445	4429.142578	0	0
20080214	4527.054199	4576.98291	4507.942871	4552.315918	5842929	37729952	4527.133789	4507.583984	4800.995605	4981.67334	5233.587402	4422.299316	0	0
20080213	4525.025879	4547.539063	4454.64209	4490.721191	6247610	39957596	4493.349121	4524.125977	4846.207031	5003.302734	5236.258301	4415.812012	0	0
20080205	4622.539063	4662.971191	4550.429199	4599.695801	9486965	57392924	4478.774902	4545.35791	4893.461914	5028.086914	5239.002441	4409.629883	0	0
20080204	4415.022949	4672.213867	4415.022949	4672.169922	11108031	69643008	4450.424805	4541.363281	4932.803223	5044.822754	5240.25	4402.761719	0	0
20080201	4388.253906	4411.704102	4195.75293	4320.76709	9772809	63638136	4399.849609	4565.590332	4968.861816	5057.201172	5240.932617	4395.502441	0	0
20080131	4408.023926	4487.317871	4368.295898	4383.393066	7698701	47769544	4488.033691	4651.564941	5020.902344	5077.901367	5243.785645	4390.120117	0	0
20080130	4505.634766	4554.342773	4330.696777	4417.849121	9412753	60245520	4554.901855	4728.388184	5067.725586	5092.994141	5246.017578	4384.382813	0	0
20080129	4426.26709	4517.601074	4389.51709	4457.943848	8078272	54178264	4611.940918	4815.664063	5110.473633	5108.291504	5247.77002	4378.444336	0	0
20080128	4720.563965	4720.563965	4409.079102	4419.293945	11017265	73884920	4632.302246	4914.248535	5150.655273	5126.624512	5248.626953	4371.940918	0	0
20080125	4716.977051	4806.88916	4657.708984	4761.687988	13065080	81812176	4731.331055	5022.108887	5195.134766	5144.58252	5248.530273	4365.291992	0	0
20080124	4753.444824	4767.798828	4625.459961	4717.733887	15082929	95262912	4815.096191	5094.408203	5218.717773	5155.710449	5244.6875	4357.360352	0	0
20080123	4572.901855	4705.073242	4510.503906	4703.046875	14234768	94634128	4901.875	5168.288574	5242.890625	5170.955566	5242.631836	4349.773438	0	0
20080122	4817.99707	4817.99707	4511.953125	4559.750977	15788606	102336560	5019.386719	5241.564941	5269.451172	5186.250977	5240.445801	4342.140625	0	0
20080121	5188.794922	5200.925781	4891.285156	4914.435059	13214619	81211696	5196.194336	5324.242676	5296.552734	5203.984863	5238.65918	4334.57373	0	0
20080118	5141.371094	5187.60498	5093.133789	5180.51416	11966944	72624776	5312.887207	5372.133789	5303.007324	5208.006348	5233.92627	4325.996582	0	0
20080117	5235.908203	5312.287109	5039.786133	5151.625977	17712867	106100856	5373.720215	5390.239258	5291.070313	5203.411133	5226.788086	4316.57666	0	1
20080116	5395.276855	5396.043945	5288.765137	5290.605957	16420264	96406640	5434.703125	5407.062988	5275.297852	5195.553223	5218.944336	4307.201172	0	0
20080115	5503.931152	5505.035156	5405.595215	5443.791016	15314976	85666024	5463.743164	5405.283691	5254.605957	5181.486816	5209.967285	4296.867188	0	0
20080114	5507.578125	5522.777832	5456.929199	5497.900879	14345292	82321216	5452.291016	5387.061523	5232.811523	5162.419922	5198.42627	4285.657715	0	0
20080111	5471.387207	5500.061035	5423.807129	5484.676758	15729217	92103360	5431.379883	5368.159668	5205.819336	5145.934082	5185.21875	4274.528809	0	0
20080110	5449.160156	5483.827148	5407.307129	5456.541016	17529284	100051168	5406.758789	5343.027344	5186.361816	5123.224609	5172.263672	4263.29248	0	0
20080109	5365.222168	5437.76416	5346.846191	5435.807129	14089080	81411632	5379.422852	5317.491699	5172.288574	5103.376953	5159.260742	4251.736328	0	0
20080108	5414.558105	5480.069824	5344.647949	5386.530762	18724644	111114400	5346.824707	5297.336914	5158.594727	5087.478027	5145.811523	4240.139648	0	0
20080107	5357.450195	5403.349121	5332.597168	5393.342773	16387691	97223912	5321.831055	5268.861816	5143.855469	5075.664551	5133.544434	4228.512695	0	0
20080104	5328.411133	5372.460938	5318.460938	5361.574219	14717230	85831464	5304.94043	5233.880859	5125.942383	5062.025391	5121.233398	4216.682617	0	0
20080103	5269.800781	5321.457031	5211.045898	5319.86084	17196219	103194984	5279.295898	5191.901367	5109.996094	5057.11377	5108.768555	4204.610352	0	0
20080102	5265	5295.016113	5201.89209	5272.813965	13466768	81791600	5255.55957	5143.533203	5089.797852	5056.241699	5096.544922	4192.703125	0	0
20071228	5320.006836	5336.499023	5248.691895	5261.562988	13520808	82217584	5247.849121	5103.928223	5069.587891	5056.14209	5084.964355	4181.104492	0	0
20071227	5248.222168	5316.522949	5203.501953	5308.88916	14911796	94039664	5215.892578	5078.562988	5050.098633	5057.96582	5072.629395	4169.515137	0	0
20071226	5209.035156	5262.591797	5158.755859	5233.351074	12450446	80088952	5162.821777	5043.477539	5034.820313	5059.844727	5058.520996	4157.609375	0	0
20071225	5233.174805	5254.404785	5178.800781	5201.181152	12666443	76475232	5104.508301	5029.696777	5013.322266	5065.823242	5046.710938	4145.771484	0	0
20071224	5132.913086	5284.339844	5104.64502	5234.262207	14286558	94815112	5031.506836	5027.086914	4996.319336	5064.387695	5035.865234	4133.963379	0	0
20071221	5017.194824	5112.388184	5013.758789	5101.778809	10545016	73200008	4960.006836	5019.852539	4982.54834	5062.836914	5024.21582	4121.92041	0	0
20071220	4965.290039	5050.785156	4923.294922	5043.535156	8951198	63605152	4941.23291	5018.850098	4979.06543	5069.961914	5013.539551	4110.38916	0	0
20071219	4878.065918	4960.416992	4868.354004	4941.78418	8792124	61679672	4924.134277	5018.004395	4976.097656	5079.51123	5004.128418	4098.936523	0	0
20071218	4856.471191	4905.492188	4812.155762	4836.173828	6572353	43298096	4954.88623	5028.09082	4989.719727	5101.512207	4996.93457	4087.543945	0	0
20071217	5007.285156	5007.346191	4874.624023	4876.76123	10263701	67238512	5022.666992	5036.062012	5012.596191	5124.858398	4989.744141	4076.826416	0	0
20071214	4899.75	5011.201172	4860.155762	5007.911133	8281433	56960276	5079.698242	5035.24707	5032.249512	5150.114746	4981.947266	4065.945801	0	0
20071213	5078.182129	5095.151855	4954.356934	4958.042969	10652600	71958696	5096.467285	5021.634277	5047.666992	5175.77832	4974.310547	4054.607178	0	0
20071212	5148.253906	5149.931152	5054.564941	5095.542969	11423268	76128968	5111.873535	5026.163086	5068.02832	5207.65332	4968.249512	4043.421387	0	0
20071211	5180.541016	5209.705078	5103.74707	5175.076172	10812561	72219512	5101.295898	4996.947754	5083.885742	5236.293945	4960.631836	4031.44751	0	0
20071210	5010.826172	5168.76416	4990.717773	5161.918945	11010477	77063984	5049.458008	4965.551758	5083.038086	5260.364746	4953.085938	4019.144287	0	0
20071207	5038.478027	5096.798828	5021.366211	5091.755859	7275086	53468168	4990.796387	4945.244629	5084.329102	5279.899902	4945.51416	4006.712891	0	0
20071206	5055.834961	5065.509766	4995.472168	5035.073242	6553944	46471044	4946.800781	4939.282227	5095.518066	5296.495605	4937.523438	3994.500977	1	0
20071205	4917.365234	5052.748047	4893.323242	5042.653809	8112494	58583332	4940.453125	4934.190918	5110.265137	5314.073242	4929.85791	3982.549805	0	0
20071204	4882.148926	4971.403809	4882.148926	4915.88916	6186084	46273728	4892.600586	4951.348145	5138.22168	5340.754883	4922.639648	3970.58252	0	0
20071203	4838.563965	4899.666992	4798.01416	4868.61084	7097018	56402408	4881.645508	4989.129395	5169.255859	5369.337402	4915.608398	3959.168457	0	0
20071130	4993.740234	4993.740234	4861.86377	4871.777832	7200327	47820972	4899.692871	5029.25	5207.547852	5395.961426	4908.333984	3947.859131	0	0
20071129	4870.86084	5011.193848	4814.783203	5003.333008	8277396	55397692	4931.763184	5073.699219	5252.849609	5427.50293	4900.344727	3936.522461	0	0
20071128	4870.841797	4907.755859	4778.727051	4803.394043	5417131	35763720	4927.929199	5109.892578	5298.397461	5454.901367	4891.07373	3924.578369	0	0
20071127	4919.913086	4947.076172	4857.038086	4861.11084	5356031	33555404	5010.095215	5170.822754	5355.96582	5495.998047	4882.515137	3913.251953	0	0
20071126	5102.525879	5124.888184	4952.429199	4958.849121	6127536	40917656	5096.61377	5200.523438	5407.770508	5537.029785	4873.398926	3901.57373	0	0
20071123	4946.257813	5034.225098	4896.987793	5032.129883	5098816	33460440	5158.807129	5223.412598	5447.227539	5572.737793	4862.661621	3889.429932	0	0
20071122	5113.881836	5154.85791	4969.894043	4984.161133	6573670	43787232	5215.635742	5251.753418	5475.102539	5601.775391	4854.066895	3876.854492	0	0
20071121	5307.792969	5344.930176	5206.574219	5214.225098	6708107	45097708	5291.856934	5286.339355	5504.01416	5632.745117	4846.779297	3864.372803	0	0
20071120	5230.742188	5338.172852	5158.541992	5293.703125	8038343	52475392	5331.550781	5325.095215	5535.458008	5651.320313	4837.102539	3851.049316	0	0
20071119	5325.301758	5333.087891	5240.423828	5269.816895	6401870	44342352	5304.434082	5349.381836	5559.442383	5665.393066	4829.112305	3837.460205	0	0
20071116	5273.082031	5335.513184	5224.312988	5316.273926	6248030	40227144	5288.017578	5385.845215	5579.317383	5679.491211	4820.79834	3823.848389	0	0
20071115	5391.01709	5453.740234	5338.904785	5365.26709	8213155	51908540	5287.871094	5431.999023	5604.40625	5687.358398	4811.327637	3810.141602	0	0
20071114	5246.574219	5414.608887	5165.062988	5412.693848	8987542	57122512	5280.821289	5486.900879	5627.407227	5688.829102	4801.209961	3796.22583	0	0
20071113	5239.342773	5311.698242	5085.443848	5158.118164	8472808	54510384	5318.639648	5541.10791	5658.586914	5686.357422	4790.885742	3782.040527	0	0
20071112	5181.174805	5250.084961	5032.578125	5187.734863	8921574	58538972	5394.32959	5615.015625	5705.28418	5695.282227	4782.154297	3768.813232	0	0
20071109	5276.007813	5382.696777	5217.628906	5315.540039	8222599	52217372	5483.67334	5671.041504	5747.401367	5705.191895	4772.858398	3755.485107	0	0
20071108	5559.150879	5559.150879	5328.201172	5330.022949	8568683	55206620	5576.127441	5698.450684	5776.787598	5709.829102	4762.146973	3741.574707	0	0
20071107	5565.647949	5610.953125	5469.76123	5601.783203	7767832	47346436	5692.979492	5721.688477	5805.948242	5714.49707	4751.46582	3727.493408	0	0
20071106	5593.347168	5649.751953	5510.161133	5536.568848	8512431	50246316	5763.576172	5745.820313	5814.432617	5707.612793	4738.001465	3712.314697	0	0
20071105	5748.175781	5787.228027	5603.470215	5634.452148	15715944	72512032	5835.700684	5769.502441	5823.398438	5703.900879	4724.356445	3697.411133	0	0
20071102	5812.464844	5860.594238	5740.402832	5777.809082	10818508	67470696	5858.409668	5772.790039	5826.313477	5696.798828	4711.122559	3682.100098	0	0
20071101	5978.938965	6005.130859	5912.501953	5914.285156	11255826	71435584	5820.774414	5776.813477	5815.038086	5681.277832	4696.487793	3666.209473	0	0
20071031	5984.712891	6002.118164	5871.47998	5954.765137	12153951	78533120	5750.396484	5767.913086	5789.793945	5659.921387	4680.950195	3649.589844	0	0
20071030	5769.203125	5899.649902	5701.336914	5897.192871	9188707	58587412	5728.064453	5776.064941	5758.981934	5633.850586	4664.768555	3632.932129	0	0
20071029	5641.98291	5750.253906	5617.976074	5747.99707	8322288	54026792	5703.303711	5795.551758	5735.416016	5607.742676	4648.541992	3616.512451	0	0
20071026	5498.85791	5628.833984	5462.013184	5589.630859	8897249	57016416	5687.170898	5823.760742	5722.266602	5594.652832	4632.65332	3600.668945	0	0
20071025	5794.223145	5819.883789	5546.041016	5562.394043	12205531	79283680	5732.854004	5855.124023	5715.518555	5584.237305	4617.405273	3585.366211	0	0
20071024	5804.015137	5906.694824	5793.557129	5843.108887	11064051	67226640	5785.431152	5890.20752	5710.902344	5578.61377	4602.577637	3570.201904	0	0
20071023	5660.065918	5776.016113	5574.839844	5773.387207	10280589	63479048	5824.06543	5883.04248	5688.510254	5560.867188	4585.084473	3553.968018	0	0
20071022	5742.791016	5804.835938	5654.907227	5667.332031	9714023	59636624	5887.799805	5877.293457	5671.100586	5544.88916	4567.977051	3537.987305	0	1
20071019	5869.124023	5932.109863	5766.86084	5818.046875	10500733	60831936	5960.350586	5879.835449	5658.803711	5533.346191	4551.673828	3522.478516	0	0
20071018	6031.916016	6055.473145	5804.973145	5825.282227	13364361	81018552	5977.393555	5853.26123	5633.510254	5513.373047	4533.058105	3506.345703	0	0
20071017	6057.428223	6088.89209	5982.203125	6036.280762	13635339	80798312	5994.983398	5811.67334	5605.925781	5491.459473	4513.255859	3490.054199	0	0
20071016	6056.945801	6124.043945	6040.712891	6092.057129	16699955	101170960	5942.02002	5741.897461	5562.743164	5460.564453	4493.057129	3472.857178	0	0
20071015	5934.774902	6039.041992	5866.130859	6030.085938	19541064	105007744	5866.787109	5675.279785	5513.838867	5430.651855	4472.38916	3455.38916	0	0
20071012	5950.901855	5959.36377	5658.812012	5903.26416	22172265	126678688	5799.320801	5620.772461	5480.098633	5401.319336	4452.108887	3438.119385	0	0
20071011	5798.38623	5914.771973	5755.990234	5913.22998	17955811	99988920	5729.12793	5575.913086	5448.794922	5374.799316	4432.233887	3421.395996	0	0
20071010	5742.647949	5860.858887	5727.237793	5771.463867	16732436	99312376	5628.362305	5531.59668	5422.816406	5345.440918	4412.382324	3404.644531	0	0
20071009	5678.913086	5725.407227	5628.350098	5715.89209	16376124	88078376	5541.774414	5493.976563	5399.779297	5319.061523	4393.413574	3388.521973	1	0
20071008	5683.310059	5729.962891	5620	5692.754883	15798192	103405184	5483.771973	5464.908203	5378.687012	5293.70459	4374.483398	3372.588135	0	0
20070928	5461.580078	5560.416992	5461.580078	5552.300781	14087612	87960768	5442.223145	5437.771973	5360.101563	5267.441895	4355.368164	3356.758301	0	0
20070927	5338.10791	5411.188965	5306.823242	5409.402832	9702469	61922900	5422.698242	5413.759766	5343.428223	5237.584961	4336.795898	3341.480957	0	0
20070926	5407.829102	5463.898926	5320.02002	5338.52002	10650270	67026984	5434.830566	5400.178711	5331.352539	5216.119141	4319.376465	3326.727783	0	0
20070925	5500.269043	5509.233887	5396.481934	5425.879883	14281548	100471912	5446.179688	5383.589844	5319.897461	5200.498047	4302.318359	3312.132568	0	0
20070924	5469.836914	5506.063965	5404.418945	5485.013184	14287308	85233552	5446.044922	5352.398926	5308.337402	5182.061523	4284.530273	3297.186523	0	0
20070921	5482.506836	5489.074219	5363.347168	5454.673828	15189830	96895392	5433.320801	5339.425781	5291.592285	5159.896484	4265.927246	3282.030029	0	0
20070920	5408.483887	5482.424805	5396.108887	5470.064941	14447492	90807120	5404.822266	5321.67627	5274.242188	5136.38623	4247.004883	3266.911133	0	0
20070919	5439.018066	5447.359863	5336.069824	5395.265137	15153924	93804936	5365.52832	5314.035645	5252.36377	5112.521484	4228.066895	3251.702637	0	0
20070918	5446.731934	5458.578125	5339.916992	5425.208008	16982436	109220616	5321	5305.581055	5231.604492	5088.118164	4209.54834	3236.766602	0	0
20070917	5309.057129	5427.170898	5307.773926	5421.39209	16888838	111422096	5258.752441	5292.464355	5208.104004	5062.318848	4190.495117	3221.75415	0	0
20070914	5290.255859	5324.438965	5201.854004	5312.182129	15366524	99322792	5245.530762	5282.430664	5182.277344	5035.875488	4171.340332	3206.725098	0	0
20070913	5193.40918	5276.770996	5178.871094	5273.591797	14213540	91614920	5238.530273	5273.095215	5149.49707	5010.828125	4152.690918	3192.106445	0	0
20070912	5092.576172	5192.301758	5025.335938	5172.626953	15092854	102822616	5262.543457	5262.524414	5124.089355	4981.966309	4134.337891	3177.559082	0	0
20070911	5362.940918	5395.038086	5093.922852	5113.967773	17189896	116636864	5290.161621	5256.20459	5108.952637	4952.897461	4116.710449	3163.50293	0	0
20070910	5208.317871	5356.855957	5169.904785	5355.287109	15468710	107961616	5326.176758	5264.276367	5096.893555	4931.466309	4099.362793	3149.667969	0	0
20070907	5381.186035	5405.35791	5269.25	5277.175781	18868459	127017512	5319.330566	5243.758789	5070.131836	4900.982422	4079.855469	3134.85083	0	1
20070906	5336.668945	5412.318848	5314.336914	5393.660156	16708987	113969624	5307.660156	5226.808594	5043.742188	4869.921875	4060.299561	3120.34375	0	0
20070905	5296.069824	5337.929199	5223.669922	5310.71582	15296275	103939664	5262.504883	5190.691895	5011.764648	4835.015137	4039.949707	3105.260986	0	0
20070904	5333.399902	5357.925781	5264.996094	5294.044922	18863139	128323464	5222.24707	5157.62793	4979.386719	4802.123535	4019.913574	3090.510498	0	0
20070903	5257.776855	5327.538086	5257.776855	5321.055176	19109918	133857768	5202.375977	5123.744141	4947.245117	4766	4000.50293	3075.783691	0	0
20070831	5184.09082	5235.157227	5158.368164	5218.825195	15841152	109605016	5168.188477	5082.124023	4912.598145	4729.07666	3980.784912	3060.952637	0	0
20070830	5144.11084	5186.525879	5109.662109	5167.883789	15691964	108045264	5145.957031	5025.898926	4879.694824	4690.411133	3961.777832	3046.482178	0	0
20070829	5147.712891	5204.525879	5063.412109	5109.426758	16403708	108612240	5118.878906	4985.655273	4841.6875	4648.579102	3943.112305	3032.202637	0	0
20070828	5134.141113	5209.506836	5058.445801	5194.688965	16905227	113092496	5093.008789	4961.701172	4801.244141	4609.26709	3924.671875	3018.178467	0	0
20070827	5144.824219	5192.061035	5092.076172	5150.118164	17899299	126400120	5045.112305	4929.510742	4765.061523	4565.983887	3905.051025	3003.865234	0	0
20070824	5070.650879	5125.358887	5052.241211	5107.667969	16763032	117365472	4996.060059	4896.504883	4729.59375	4521.710449	3885.34375	2989.647217	0	0
20070823	5002.84082	5050.382813	4968.327148	5032.494141	15491758	105134608	4905.84082	4860.675781	4691.478516	4481.935059	3866.375977	2975.499512	0	0
20070822	4876.345215	4999.194824	4861.270996	4980.075195	16376240	113919032	4852.432129	4832.835449	4657.176758	4444.717773	3847.748535	2961.793213	0	0
20070821	4944.213867	4982.980957	4917.820801	4955.207031	15725947	109315336	4830.393555	4801.144531	4624.371094	4407.572754	3830.256836	2948.297363	0	0
20070820	4773.832031	4906.00293	4758.396973	4904.85498	14713873	105778968	4813.90918	4770.746582	4587.126953	4370.833496	3812.061523	2934.790771	0	0
20070817	4733.137207	4814.369141	4646.433105	4656.574219	13583491	98503168	4796.950684	4743.071289	4552.552246	4336.77832	3796.526123	2921.493652	0	0
20070816	4845.016113	4845.016113	4710.310059	4765.448242	12988881	96274512	4815.510254	4733.491211	4522.666504	4307.603516	3782.70874	2909.056885	0	0
20070815	4875.51123	4916.310059	4762.717773	4869.882813	13314234	97385432	4813.239258	4697.719727	4480.041016	4269.284668	3767.938477	2896.275635	0	0
20070814	4820.149902	4876.851074	4789.89502	4872.785156	13005450	96606568	4771.895508	4640.787109	4433.049805	4234.161133	3751.56543	2883.200684	0	0
20070813	4768.619141	4872.547852	4728.89209	4820.063965	16335251	120527648	4727.583008	4600.611816	4384.219727	4201.725586	3734.557861	2870.113037	0	0
20070810	4745.181152	4769.619141	4640.766113	4749.369141	14915088	108841808	4689.191895	4562.682129	4334.312988	4168.933594	3717.783691	2857.235352	0	0
20070809	4658.591797	4768.88623	4658.591797	4754.095215	13948241	102770616	4651.473145	4522.28125	4292.564453	4137.978027	3700.958496	2844.688477	0	0
20070808	4614.585938	4711.315918	4568.694824	4663.162109	16056257	124960200	4582.199707	4481.518066	4250.65918	4109.981934	3684.155762	2832.320068	0	0
20070807	4642.009766	4687.435059	4581.293945	4651.225098	18194640	122949080	4509.679688	4447.598633	4210.787109	4090.49585	3667.930664	2820.36792	0	0
20070806	4600.118164	4629.967773	4564.312988	4628.10791	16996025	120282864	4473.641602	4403.508789	4170.876465	4067.900879	3651.468506	2808.509766	0	0
20070803	4440.976074	4562.687988	4438.962891	4560.773926	17589961	123848528	4436.17334	4362.03418	4133.631836	4044.999756	3634.672119	2796.739014	0	0
20070802	4316.566895	4431.850098	4290.809082	4407.72998	14277118	105276544	4393.090332	4311.841797	4094.660156	4029.355469	3618.942383	2785.159668	0	0
20070801	4488.773926	4502.295898	4284.871094	4300.562988	17341475	135178320	4380.835938	4262.362305	4055.067627	4023.458496	3605.422852	2774.189941	0	0
20070731	4432.265137	4476.625977	4379.199219	4471.032227	15226876	115771608	4385.516602	4225.312012	4030.847656	4019.484131	3592.804688	2763.608154	0	0
20070730	4348.606934	4450.187988	4345.792969	4440.769043	15553788	120484576	4333.375977	4167.828125	4002.282715	4012.76709	3579.967529	2752.304688	0	0
20070727	4315.373047	4357.342773	4268.788086	4345.356934	13932785	107030224	4287.894043	4105.942871	3972.059326	4006.52002	3567.504883	2741.278809	0	0
20070726	4347.777832	4371.512207	4304.192871	4346.458008	13452748	105949936	4230.592773	4062.846924	3945.82666	3999.437256	3555.314941	2730.628662	0	0
20070725	4212.950195	4325.37793	4212.22998	4323.96582	12745407	101035392	4143.889648	4019.800293	3924.213623	3991.729004	3542.905762	2719.903809	0	0
20070724	4238.319824	4284.829102	4192.720215	4210.329102	14341804	118219296	4065.108643	3973.976074	3911.94458	3986.812744	3531.665283	2709.230957	0	0
20070723	4091.241943	4220.321777	4091.241943	4213.36084	15665739	131279408	4002.28125	3938.245361	3900.096924	3982.206543	3521.155762	2699.349854	0	0
20070720	3918.408936	4062.115967	3918.408936	4058.853027	10657666	91267592	3923.992188	3905.230469	3886.48291	3974.950439	3510.487549	2689.479492	0	0
20070719	3918.539063	3947.330078	3887.589111	3912.940918	6376748	52345744	3895.10083	3877.47998	3888.112549	3970.093506	3500.265381	2680.181152	0	0
20070718	3880.852051	3971.610107	3861.906982	3930.060059	8131394	68614504	3895.710449	3847.772949	3904.006592	3969.355713	3490.632568	2671.450195	0	0
20070717	3809.558105	3919.7771	3767.221924	3896.190918	6126111	51964368	3882.843262	3836.383545	3916.569824	3964.230957	3481.039307	2662.695801	1	0
20070716	3920.653076	3931.86792	3820.573975	3821.916016	5967798	51030064	3874.209473	3836.737549	3935.236816	3959.928223	3472.07959	2653.985352	0	0
20070713	3920.826904	3935.506104	3878.184082	3914.39502	5716848	49445316	3886.469238	3838.175049	3956.808594	3954.877686	3463.519775	2645.424072	0	0
20070712	3874.039063	3925.604004	3861.037109	3915.990967	7163127	60982960	3859.859863	3828.805908	3967.732422	3957.756104	3453.133789	2636.55542	0	0
20070711	3837.795898	3879.291992	3812.137939	3865.7229	6363378	57448160	3799.835938	3828.626953	3977.693359	3964.210938	3443.584961	2627.580322	0	0
20070710	3895.908936	3929.416016	3841.801025	3853.020996	9543033	84396720	3789.924316	3849.914063	3993.231201	3970.456543	3434.916748	2618.803711	0	0
20070709	3809.669922	3900.904053	3782.73291	3883.216064	10128299	92260752	3799.265137	3861.949707	4004.187012	3986.519775	3426.206299	2609.948975	0	0
20070706	3599.818115	3785.345947	3563.543945	3781.3479	9435640	90470440	3789.880859	3867.73584	4009.810059	3999.48291	3416.406006	2600.974365	0	0
20070705	3769.638916	3778.398926	3614.531006	3615.87207	7571030	72647520	3797.751465	3898.745605	4016.399658	4012.763916	3406.905762	2592.382568	0	0
20070704	3906.011963	3916.475098	3800.274902	3816.165039	7375908	63467272	3857.417969	3960.240723	4030.145996	4030.605469	3399.404541	2584.341797	0	0
20070703	3854.716064	3906.760986	3821.462891	3899.724121	8754956	79514768	3909.904785	3996.756592	4028.153809	4042.523926	3389.898926	2575.461182	0	0
20070702	3800.23291	3859.861084	3724.187012	3836.293945	9126800	82022528	3924.634277	4033.736816	4021.522705	4049.545654	3378.797852	2566.254639	0	0
20070629	3824.290039	3919.344971	3779.812988	3820.702881	10714937	96644496	3945.591309	4075.442139	4013.227783	4057.409668	3367.965576	2557.279053	0	0
20070628	4080.194092	4113.283203	3912.813965	3914.204102	13094527	112429664	3999.739746	4106.658691	4022.22998	4064.39502	3356.790771	2548.341309	0	0
20070627	3985.716064	4090.715088	3948.287109	4078.599121	13013945	110489920	4063.063965	4126.759277	4032.001953	4068.864258	3344.470459	2538.982422	0	0
20070626	3863.248047	3976.190918	3818.853027	3973.371094	12676124	112051552	4083.608643	4136.547852	4030.726563	4065.779053	3330.012695	2528.803711	0	0
20070625	4102.787109	4131.129883	3912.422119	3941.081055	14329897	113366360	4142.838867	4146.424316	4048.803955	4063.305908	3316.425781	2519.035645	0	1
20070622	4230.966797	4249.431152	4024.489014	4091.445068	17104153	134442320	4205.292969	4151.883789	4065.355469	4066.81665	3303.360107	2509.465576	0	0
20070621	4170.894043	4256.541992	4147.054199	4230.823242	16475289	125672320	4213.577148	4134.053223	4069.772217	4064.491211	3288.966064	2499.311035	0	0
20070620	4269.455078	4311.99707	4164.274902	4181.323242	19603025	152972080	4190.45459	4100.05127	4065.787842	4058.453857	3273.14624	2488.593262	0	0
20070619	4247.745117	4280.850098	4209.575195	4269.523926	18571078	151253008	4189.48584	4059.550293	4065.407471	4052.845947	3257.251221	2478.233887	0	0
20070618	4195.391113	4267.740234	4193.313965	4253.348145	18903475	157365888	4150.008789	4009.308105	4057.449951	4042.195557	3240.414551	2467.51416	1	0
20070615	4085.656006	4152.542969	4067.356934	4132.869141	15751675	132866752	4098.475098	3951.013184	4048.393799	4028.459717	3223.499268	2457.217285	0	0
20070614	4162.207031	4179.725098	4085.784912	4115.208984	18958121	155049008	4054.528564	3937.800781	4043.263184	4016.026367	3207.549805	2447.424561	0	0
20070613	4110.742188	4193.445801	4102.041016	4176.47998	22408404	183342912	4009.647217	3937.244873	4039.917236	4004.954346	3191.427002	2437.641357	0	0
20070612	4011.678955	4073.180908	3910.000977	4072.137939	20800136	163300224	3929.614502	3924.905762	4030.395264	3990.537354	3174.070068	2427.672119	0	0
20070611	3942.004883	4000.416016	3930.73999	3995.679932	18127313	143252448	3868.606934	3951.184326	4021.747314	3978.816895	3158.108887	2417.94873	0	0
20070608	3900.0271	3935.785889	3852.044922	3913.13501	18221366	149345872	3803.55127	3978.827637	4024.283203	3969.323975	3142.782959	2408.594971	0	0
20070607	3787.701904	3891.403076	3779.5	3890.802979	18014246	153143200	3821.072754	4005.491699	4029.710449	3958.359619	3128.284424	2399.536865	0	0
20070606	3781.375	3821.697021	3682.793945	3776.316895	17727158	154592464	3864.843018	4031.524658	4037.655518	3943.633301	3113.874756	2390.428711	0	0
20070605	3564.433105	3768.562988	3404.145996	3767.101074	18238844	171665728	3920.197266	4071.26416	4049.493408	3938.168945	3099.922363	2381.689209	0	0
20070604	3981.816895	3987.269043	3659.089111	3670.400879	14912996	129557800	4033.761719	4105.591797	4058.63916	3932.994873	3086.023926	2372.984131	0	0
20070601	4120.62793	4181.279785	3966.977051	4000.741943	23168051	176464192	4154.104004	4145.773926	4067.182861	3930.529541	3072.554688	2364.721191	0	0
20070531	4006.280029	4178.106934	3858.040039	4109.653809	24339664	191331776	4189.910645	4148.725586	4055.13916	3914.446777	3056.20459	2355.349121	0	0
20070530	4087.405029	4275.236816	4015.511963	4053.087891	27573382	206780016	4198.206055	4142.588867	4038.809082	3895.159424	3039.018311	2345.548584	0	1
20070529	4288.97998	4335.962891	4262.023926	4334.923828	25108563	182559008	4222.330566	4135.885254	4023.352783	3876.564209	3022.33252	2335.80542	0	0
20070528	4221.578125	4283.930176	4215.243164	4272.11084	26144224	193538416	4177.421387	4092.310059	3992.633301	3846.876221	3003.394531	2324.966309	1	0
20070525	4133.191895	4190.469238	4111.262207	4179.775879	22400452	167487168	4137.444336	4069.73877	3964.572266	3817.770996	2984.804932	2314.330811	0	0
20070524	4188.676758	4208.388184	4089.38501	4151.132813	25745302	210286384	4107.540527	4053.928955	3934.793701	3789.231689	2966.952881	2304.268066	0	0
20070523	4125.425781	4175.443848	4093.915039	4173.708984	22340280	182091472	4086.972656	4043.785889	3899.687988	3761.498291	2949.170898	2294.074707	0	0
20070522	4091.143066	4136.629883	4086.824951	4110.378906	23509305	181476912	4049.439453	4027.723145	3871.621826	3732.092773	2930.821533	2283.529541	0	0
20070521	3902.346924	4083.416016	3892.975098	4072.225098	21177278	165329328	4007.199219	4011.686768	3846.696777	3704.790039	2912.747803	2273.270752	0	0
20070518	4041.389893	4052.096924	3999.165039	4030.258057	17555211	138247952	4002.032715	3988.591309	3822.907471	3677.468994	2894.837402	2263.106445	0	0
20070517	4002.485107	4064.282959	3982.995117	4048.292969	18992865	148792592	4000.316895	3961.552002	3797.307861	3649.26001	2876.987305	2252.973633	0	0
20070516	3890.809082	3987.405029	3845.227051	3986.042969	17482744	142199408	4000.598389	3935.028809	3771.44458	3620.901123	2858.782715	2242.541748	0	1
20070515	4055.833984	4069.845947	3891.363037	3899.177979	20788540	166526144	4006.006592	3910.820801	3746.903809	3593.800293	2841.260742	2232.26416	0	0
20070514	3970.660889	4081.426025	3940.35791	4046.39209	18755417	149498704	4016.17334	3892.955811	3724.159424	3568.455322	2824.571289	2222.337402	0	0
20070511	4024.422119	4039.667969	3949.36792	4021.677979	18646288	153198320	3975.149658	3859.405518	3691.787598	3537.669189	2806.408447	2211.750732	0	0
20070510	4021.422119	4072.137939	3991.477051	4049.700928	20965078	179749376	3922.787109	3815.657715	3656.882813	3506.0896	2788.640137	2201.303223	0	0
20070509	3961.103027	4015.218994	3875.384033	4013.084961	25748204	218562864	3869.459473	3755.589355	3620.354248	3473.473389	2770.612061	2190.771729	0	0
20070508	3937.937988	3964.714111	3901.325928	3950.010986	20752166	172703136	3815.634277	3715.520752	3584.276855	3441.616699	2752.722656	2180.262939	0	0
20070430	3784.271973	3851.350098	3759.47998	3841.271973	18875249	161432000	3769.73877	3681.706543	3551.341797	3411.022949	2735.233398	2170.049805	0	0
20070427	3788.748047	3802.923096	3720.595947	3759.866943	16427880	139387584	3743.661377	3657.223389	3521.907715	3383.46167	2718.687012	2160.225342	0	0
20070426	3766.476074	3784.679932	3732.601074	3783.062988	14379723	125989632	3708.528809	3633.063721	3493.113281	3355.81543	2702.671387	2150.700195	0	0
20070425	3708.571045	3769.24707	3653.989014	3743.958984	17677036	158326864	3641.719482	3607.860107	3463.837158	3328.103271	2686.226563	2141.006348	0	0
20070424	3736.154053	3762.387939	3689.134033	3720.531982	20548203	182650144	3615.406738	3582.986816	3435.289795	3300.182861	2670.086426	2131.359863	0	0
20070423	3615.789063	3710.885986	3615.789063	3710.885986	18454305	171334848	3593.674561	3555.362549	3406.20459	3274.991455	2654.170654	2121.917969	0	0
20070420	3460.904053	3591.460938	3460.904053	3584.204102	15744099	146076848	3570.785156	3524.169189	3376.80127	3249.79248	2638.302002	2112.523193	0	0
20070419	3610.023926	3617.437988	3358.929932	3449.016113	18958016	183034592	3557.598145	3498.107422	3351.30542	3228.249512	2623.476563	2103.622803	0	0
20070418	3614.677979	3623.866943	3564.22998	3612.395996	16870515	157569856	3574.000488	3485.119141	3332.415527	3210.882813	2609.39624	2095.19873	0	0
20070417	3611.629883	3622.887939	3510.498047	3611.870117	17787454	170124336	3550.566406	3453.033936	3304.664795	3187.022705	2594.212646	2086.10791	0	0
20070416	3523.217041	3597.215088	3523.217041	3596.440918	14679966	138165440	3517.050293	3420.977051	3275.681152	3161.299561	2579.049316	2077.020996	0	0
20070413	3537.219971	3563.855957	3504.160889	3518.26709	16813769	160138112	3477.552246	3386.592285	3246.581299	3134.261475	2563.971924	2067.95459	0	0
20070412	3503.227051	3532.862061	3488.076904	3531.029053	14996296	145027216	3438.615967	3353.163574	3217.191895	3111.370361	2549.352051	2059.15918	0	0
20070411	3454.416992	3497.52002	3428.781982	3495.224121	15784692	157105456	3396.237793	3319.814453	3188.225586	3086.908936	2534.687744	2050.228271	0	0
20070410	3405.23291	3444.374023	3351.10498	3444.291016	15441673	156472672	3355.501465	3287.59375	3158.78125	3066.437012	2520.433105	2041.426392	0	0
20070409	3333.422119	3399.514893	3333.261963	3398.949951	14153408	146916256	3324.903076	3257.047607	3134.806152	3044.020508	2506.548584	2032.871582	0	0
20070406	3287.684082	3334.224121	3273.85498	3323.584961	12362555	129058792	3295.63208	3229.433594	3112.604248	3032.075195	2493.141846	2024.470947	0	0
20070405	3286.163086	3326.916016	3259.625977	3319.139893	11628732	124487240	3267.71167	3204.503906	3093.320801	3021.238281	2480.319336	2016.360229	0	0
20070404	3295.976074	3308.147949	3266.559082	3291.541992	11666513	130668288	3243.391113	3179.712158	3073.764404	3010.367188	2467.263184	2008.262573	0	0
20070403	3265.676025	3292.577881	3251.522949	3291.299072	10972215	122608912	3219.686279	3156.295898	3054.01709	2997.48584	2454.308594	2000.306274	0	0
20070402	3196.586914	3253.435059	3196.586914	3252.594971	9523602	108277032	3189.19165	3130.385742	3031.460449	2982.171875	2441.256348	1992.327881	0	0
20070330	3178.496094	3212.388916	3157.030029	3183.98291	8417770	96053208	3163.234863	3106.570313	3008.096191	2967.324463	2428.423096	1984.479126	0	0
20070329	3179.802979	3273.727051	3176.525879	3197.537109	14216473	159332608	3141.295654	3081.219971	2990.473389	2952.204346	2416.243164	1976.896851	0	0
20070328	3140.679932	3180.332031	3052.077881	3173.018066	15278057	176485104	3116.033203	3056.63623	2970.455811	2936.87793	2403.975342	1969.184448	0	0
20070327	3126.024902	3145.043945	3103.779053	3138.825928	11505600	130171720	3092.905518	3029.967773	2955.858643	2921.649658	2392.040283	1961.589233	0	0
20070326	3083.937988	3123.178955	3069.4729	3122.811035	11078572	128004080	3071.57959	3012.564453	2937.507324	2906.212158	2380.320557	1954.133301	0	0
20070323	3071.808105	3085.323975	3008.154053	3074.285889	10552288	123793752	3049.905762	2995.774902	2933.39624	2889.203125	2368.757568	1946.678223	0	0
20070322	3080.602051	3099.819092	3059.381104	3071.225098	11393322	133498384	3021.144531	2982.137207	2929.605957	2875.83374	2357.580322	1939.4198	0	0
20070321	3042.0979	3057.709961	3020.948975	3057.379883	9016641	104018720	2997.239258	2967.815918	2925.694824	2866.307373	2346.328613	1932.117432	0	0
20070320	3024.781006	3033.02002	2998.803955	3032.195068	8257977	98048528	2967.030029	2951.737549	2918.080566	2857.272461	2334.931396	1924.868652	0	0
20070319	2864.256104	3037.999023	2852.85791	3014.441895	9631211	118317592	2953.549561	2932.535645	2908.064697	2853.884521	2323.741455	1917.741333	1	0
20070316	2964.093994	2979.708008	2899.031982	2930.480957	10610202	131176688	2941.644043	2909.621826	2897.701172	2851.578613	2312.753418	1910.723145	0	1
20070315	2905.976074	2955.461914	2905.976074	2951.697998	8824021	111138128	2943.130127	2899.726563	2887.696289	2849.980957	2302.290771	1904.157104	0	0
20070314	2933.678955	2934.454102	2868.806885	2906.333984	9486042	119796936	2938.393311	2884.275635	2876.998047	2846.83667	2291.593262	1897.523682	0	0
20070313	2958.095947	2966.194092	2932.233887	2964.793945	8956831	112430904	2936.445313	2881.749512	2867.48999	2849.129639	2281.217041	1891.041016	0	0
20070312	2945.923096	2958.63208	2904.743896	2954.914063	8652762	107483464	2911.521729	2862.449463	2853.0354	2848.60791	2270.444824	1884.408081	1	0
20070309	2934.49292	2962.420898	2891.813965	2937.909912	9097071	114379752	2877.600098	2871.018066	2835.916504	2847.883545	2259.687744	1877.78479	0	0
20070308	2904.185059	2928.802979	2871.464111	2928.014893	7478311	94524432	2856.322998	2877.074463	2822.681641	2844.360107	2249.018066	1871.221802	0	0
20070307	2851.74707	2911.416016	2849.647949	2896.593994	7508661	94891032	2830.157959	2883.57373	2815.552246	2838.65918	2238.25708	1864.697266	0	0
20070306	2776.166992	2866.332031	2756.960938	2840.175049	6497957	82630784	2827.053955	2884.42334	2810.039551	2834.73584	2227.940674	1858.266235	0	0
20070305	2827.675049	2858.440918	2723.064941	2785.305908	8636973	115036904	2813.377197	2883.593262	2814.558838	2834.097412	2218.065674	1852.04248	0	0
20070302	2792.940918	2846.157959	2777.795898	2831.525879	7587824	99136696	2864.435547	2885.779785	2822.556885	2834.410889	2208.613525	1846.055054	0	0
20070301	2877.202881	2878.35498	2760.912109	2797.189941	10776267	133871368	2897.825439	2875.665771	2825.108154	2828.963623	2198.770996	1839.79895	0	0
20070228	2734.594971	2888.898926	2732.884033	2881.072998	9710757	130789416	2936.989258	2869.720215	2828.116943	2828.061279	2188.986084	1833.680054	0	1
20070227	3048.829102	3049.770996	2763.39502	2771.791016	13162835	174726544	2941.792969	2853.230469	2832.81958	2826.211182	2178.502441	1827.238281	0	0
20070226	2999.085938	3041.335938	2960.745117	3040.599121	9262884	120384872	2953.809326	2843.621094	2841.687256	2827.411377	2168.84082	1821.3479	0	0
20070216	3018.179932	3036.345947	2975.826904	2998.474121	9595976	128264320	2907.124268	2800.814941	2836.316895	2816.298096	2156.947021	1814.330811	0	0
20070215	2923.666016	2994.62207	2923.666016	2993.008057	8879468	119152640	2853.506348	2768.288574	2828.003662	2804.393555	2145.302979	1807.455444	1	0
20070214	2836.819092	2915.062988	2823.38208	2905.093018	7562229	101364736	2802.451416	2747.53125	2816.202637	2795.150635	2133.677979	1800.614258	0	0
20070213	2819.137939	2835.089111	2801.312988	2831.87207	6311899	84208528	2764.667725	2735.655029	2809.892822	2787.496582	2122.830078	1794.071655	0	0
20070212	2729.835938	2807.51001	2728.782959	2807.174072	6460752	85771240	2733.432861	2745.524414	2809.350098	2778.687256	2112.700928	1787.904419	0	0
20070209	2741.47998	2747.944092	2704.36499	2730.385986	6384288	85831144	2694.505371	2759.333252	2808.726318	2769.660889	2102.60498	1781.804077	0	0
20070208	2725.139893	2751.162109	2691.268066	2737.731934	7044881	93184176	2683.070801	2774.550293	2805.612549	2761.305664	2092.941162	1776.032959	0	0
20070207	2688.959961	2745.386963	2681.329102	2716.175049	7886537	103915712	2692.610596	2786.513672	2807.231445	2751.239746	2083.509521	1770.11438	0	0
20070206	2612.839111	2677.041992	2541.524902	2675.697021	7017461	95016560	2706.642578	2812.408936	2812.701172	2738.823242	2074.258545	1764.258057	0	0
20070205	2658.073975	2672.352051	2610.331055	2612.537109	5547683	75017568	2757.615723	2839.753662	2819.306641	2727.731201	2065.115723	1758.578247	0	0
20070202	2791.48999	2796.436035	2666.862061	2673.211914	6625287	92265088	2824.160645	2871.819092	2824.039795	2719.753418	2056.516357	1753.149292	0	0
20070201	2744.813965	2801.688965	2706.291016	2785.431885	7102226	101361248	2866.029785	2887.718506	2822.446045	2709.452393	2047.134766	1747.462769	0	0
20070131	2926.074951	2929.645996	2766.74707	2786.334961	8785347	124171104	2880.416504	2884.873779	2818.960449	2694.352295	2037.007202	1741.254395	0	0
20070130	2959.397949	2980.51001	2901.761963	2930.562012	8947361	122196848	2918.175293	2884.130371	2813.41748	2677.27124	2027.130005	1734.942749	0	0
20070129	2897.253906	2954.335938	2885.861084	2945.262939	9096760	122395752	2921.891602	2873.175781	2795.268799	2654.556152	2016.049194	1728.031982	0	0
20070126	2805.956055	2905.983887	2720.826904	2882.558105	8620470	118801144	2919.477295	2858.119385	2774.825195	2630.49585	2004.843872	1721.136963	0	0
20070125	2946.503906	2947.148926	2853.822021	2857.36499	9448954	125886328	2909.406982	2836.674561	2754.683838	2608.375732	1994.261841	1714.51355	0	1
20070124	2955.424072	2994.281982	2927.720947	2975.128906	9896684	130427896	2889.330566	2827.948975	2733.603516	2585.812988	1984.300781	1707.928223	0	0
20070123	2964.687012	2970.685059	2851.918945	2949.144043	11068936	152320768	2850.084717	2812.993652	2702.030518	2556.430176	1973.467651	1700.910278	1	0
20070122	2857.895996	2934.646973	2857.895996	2933.189941	10490588	149619536	2824.459473	2798.859863	2671.720215	2530.017822	1962.947021	1693.976196	0	0
20070119	2761.885986	2833.454102	2761.885986	2832.207031	9132892	131951296	2796.76123	2776.260742	2643.720703	2504.131348	1952.549316	1687.081299	0	0
20070118	2760.944092	2784.042969	2679.705078	2756.98291	8584699	122258656	2763.942139	2757.17334	2620.319092	2482.167236	1942.830444	1680.541382	0	1
20070117	2828.400879	2870.422119	2742.587891	2778.899902	9836981	136587024	2766.567627	2753.047119	2599.091553	2462.322754	1933.733521	1674.237427	0	0
20070116	2818.663086	2830.802979	2757.205078	2821.01709	8455900	118180640	2775.902832	2742.70459	2573.842285	2439.760986	1924.368408	1667.766113	0	0
20070115	2660.070068	2795.331055	2658.878906	2794.700928	6839536	100422384	2773.260254	2717.361816	2545.246826	2415.703369	1914.569824	1661.161377	0	0
20070112	2745.321045	2782.024902	2652.577881	2668.110107	7482632	115652488	2755.76001	2691.530762	2516.684814	2391.016113	1905.31604	1654.610718	0	0
20070111	2819.366943	2841.179932	2763.885986	2770.110107	8530101	129311904	2750.404785	2672.692871	2494.227051	2370.036621	1897.105713	1648.555542	0	0
20070110	2838.113037	2841.740967	2770.988037	2825.575928	8053668	120609680	2739.526367	2639.258301	2464.746094	2345.942139	1887.898315	1642.102173	0	0
20070109	2711.049072	2809.394043	2691.360107	2807.803955	8776104	120139776	2709.506104	2591.067383	2428.149414	2320.116699	1878.14978	1635.379517	0	0
20070108	2621.068115	2708.444092	2620.625	2707.198975	7354880	115452128	2661.464111	2544.580566	2395.59668	2295.268555	1869.251465	1628.689209	0	0
20070105	2668.576904	2685.803955	2617.019043	2641.333984	7179797	116636656	2627.301514	2511.181152	2368.066895	2273.074219	1861.239868	1622.383545	0	0
20070104	2728.187988	2847.61499	2684.818115	2715.718994	8636234	135343648	2594.981201	2483.465576	2344.664307	2252.947998	1853.681641	1616.363525	0	0
20061229	2585.416992	2698.904053	2585.416992	2675.474121	6105018	99932960	2538.989746	2445.137207	2316.960449	2229.666748	1845.468872	1610.027588	0	0
20061228	2538.951904	2611.791016	2530.331055	2567.593994	5202679	88899384	2472.628418	2404.980469	2288.289551	2206.210449	1837.685547	1603.835693	0	0
20061227	2478.062988	2538.663086	2461.071045	2536.386963	4630973	80233128	2427.697266	2373.13208	2264.874268	2185.342285	1830.610229	1598.059448	0	0
20061226	2437.854004	2505.697021	2424.936035	2479.731934	4580274	79152232	2395.061035	2341.839111	2240.759277	2164.893799	1823.486694	1592.415527	0	0
20061225	2350.12793	2452.428955	2350.12793	2435.761963	4919519	83540600	2371.949951	2315.760986	2218.708984	2145.177246	1816.966064	1586.968018	0	0
20061222	2334.272949	2366.694092	2321.922119	2343.667969	4708378	77684224	2351.284424	2290.234375	2199.284668	2126.11084	1810.603149	1581.690552	0	0
20061221	2372.464111	2386.823975	2339.908936	2342.937988	5441997	93059488	2337.33252	2265.231201	2184.641846	2110.766846	1805.002686	1576.769775	0	0
20061220	2356.261963	2381.13208	2332.927002	2373.205078	5103935	88977080	2318.566895	2246.612549	2170.612793	2095.885254	1799.138916	1571.791382	0	0
20061219	2342.179932	2381.634033	2315.985107	2364.177002	5761594	96673736	2288.616943	2224.952393	2154.020508	2079.005615	1793.025269	1566.696899	0	0
20061218	2277.281982	2335.233887	2277.281982	2332.434082	5389136	89075184	2259.571777	2205.863037	2137.689209	2063.184082	1786.935791	1561.591309	0	0
20061215	2255.23999	2275.48999	2241.198975	2273.907959	4180319	71005992	2229.184082	2188.784668	2121.931641	2048.313232	1780.879517	1556.578247	0	0
20061214	2226.000977	2250.321045	2212.905029	2249.110107	3794450	63988704	2193.130127	2171.598389	2106.825684	2034.728394	1775.230835	1551.859863	0	0
20061213	2224.428955	2244.406982	2195.638916	2223.455078	3701145	62800464	2174.657959	2156.616455	2091.447754	2021.468506	1769.80603	1547.258301	0	0
20061212	2189.694092	2228.643066	2180.370117	2218.950928	4333672	77827784	2161.287842	2139.680176	2076.421631	2009.210449	1764.546753	1542.761475	0	0
20061211	2085.058105	2181.164063	2084.26709	2180.496094	3790799	69547296	2152.154541	2121.657227	2059.88623	1996.511963	1759.274536	1538.273804	0	0
20061208	2133.35498	2164.020996	2090.403076	2093.637939	4851084	90919520	2148.38501	2108.335205	2044.049561	1984.150635	1754.224243	1533.994995	0	0
20061207	2152.593994	2206.511963	2145.788086	2156.75	6027356	106304904	2150.067139	2104.05249	2033.535156	1974.601929	1749.560303	1530.079956	0	0
20061206	2175.378906	2192.898926	2097.416992	2156.604004	6409673	114926440	2138.574951	2094.61377	2020.521851	1963.065063	1744.348511	1525.906494	0	0
20061205	2167.363037	2195.529053	2159.322998	2173.284912	5648267	98058872	2118.072266	2083.089111	2006.032593	1951.399658	1739.281006	1521.703125	0	0
20061204	2103.816895	2164.584961	2100.559082	2161.647949	5481194	98653264	2091.159668	2069.515869	1991.844727	1939.129517	1734.110474	1517.404663	0	0
20061201	2106.294922	2112.575928	2087.601074	2102.049072	4985136	85330864	2068.2854	2055.078613	1978.077759	1925.720947	1729.024902	1513.237793	0	0
20061130	2058.77002	2102.056885	2058.77002	2099.289063	4550124	83990544	2058.037842	2042.053345	1966.293213	1915.331421	1724.77002	1509.297485	0	0
20061129	2005.987061	2059.728027	1992.537964	2054.091064	3502275	61742160	2050.652832	2026.279053	1953.894531	1905.096924	1720.522217	1505.281616	0	0
20061128	2042.379028	2051.48999	2016.473022	2038.720947	3422724	60437712	2048.105469	2013.163452	1943.975586	1896.199951	1717.397583	1501.448853	0	0
20061127	2042.192993	2049.539063	2022.378052	2047.276978	3662639	66930952	2047.871826	1998.115234	1933.939209	1887.039185	1714.446777	1497.644165	0	0
20061124	2051.470947	2057.910889	2022.625	2050.812012	3740366	71639520	2041.872314	1979.764038	1922.058228	1877.839966	1711.297607	1493.809448	0	0
20061123	2045.081055	2071.235107	2042.151001	2062.363037	3546536	66896568	2026.068359	1963.017578	1909.876343	1868.96814	1708.242554	1489.967041	0	0
20061122	2031.296997	2062.803955	2010.791992	2041.35498	3953745	68989560	2001.905029	1946.429443	1897.290405	1859.495361	1704.733765	1486.070801	0	0
20061121	2013.067017	2037.738037	1988.926025	2037.552002	3309691	57698816	1978.221069	1928.97583	1885.554688	1851.120483	1701.533081	1482.338013	0	0
20061120	1977.529053	2018.004028	1977.529053	2017.279053	3385880	63418608	1948.358643	1914.173462	1873.936279	1842.69751	1698.291382	1478.628418	0	0
20061117	1934.636963	1972.607056	1925.149048	1971.792969	2793974	53054652	1917.655884	1901.076172	1861.041992	1833.869141	1694.92981	1474.961914	0	0
20061116	1930.926025	1976.046021	1926.723999	1941.546997	3559694	69800152	1899.966553	1890.532959	1851.970459	1826.041504	1691.76001	1471.474976	0	0
20061115	1888.53894	1923.139038	1878.694946	1922.935059	2725517	51015436	1890.953491	1881.509766	1844.505859	1818.824585	1688.838013	1468.089722	1	0
20061114	1868.172974	1888.432007	1841.822998	1888.239014	2425722	48395976	1879.730103	1874.787476	1837.718384	1811.814697	1686.185059	1464.817261	0	1
20061113	1878.703979	1905.896973	1852.102051	1863.765015	2843902	56281924	1879.988281	1869.763062	1831.501343	1806.285522	1684.263672	1461.624023	0	0
20061110	1896.928955	1920.18396	1870.959961	1883.347046	3554273	70450840	1884.49646	1864.352173	1826.878174	1801.671997	1682.56189	1458.540405	0	0
20061109	1860.953979	1899.097046	1858.594971	1896.482056	2618498	48951788	1881.099609	1856.734985	1821.943604	1796.923828	1680.344849	1455.330322	0	0
20061108	1885.85498	1886.255981	1865.223022	1866.817017	2254649	42007596	1872.06604	1848.151367	1816.028564	1791.456177	1678.08374	1452.135742	0	0
20061107	1889.534058	1897.410034	1862.932007	1889.530029	3236446	60544960	1869.845093	1842.134155	1812.193115	1787.07019	1675.970703	1449.057129	0	0
20061106	1853.186035	1886.519043	1846.010986	1886.307007	2824603	55528272	1859.53772	1833.699219	1806.959717	1781.852173	1674.091919	1445.986572	0	0
20061103	1851.404053	1873.66394	1850.151001	1866.362061	2739300	55797824	1844.207642	1821.008057	1800.265625	1776.343384	1671.729614	1443.005981	0	0
20061102	1856.921021	1857.14502	1834.843994	1851.313965	2870635	55888068	1832.370361	1813.408203	1793.795654	1770.454346	1668.987915	1440.105713	0	0
20061101	1838.680054	1855.886963	1833.20105	1855.713013	2774787	54461396	1824.236694	1807.502197	1787.482056	1765.056885	1666.44104	1437.244263	0	0
20061031	1811.468994	1839.317993	1811.468994	1837.993042	2583704	57261944	1814.423218	1800.649414	1780.328125	1759.728394	1663.73645	1434.359863	1	0
20061030	1804.366943	1815.612061	1788.286987	1809.656006	2376704	51905060	1807.860962	1793.23999	1774.546631	1754.294312	1660.895752	1431.572632	0	0
20061027	1836.213989	1842.72998	1803.214966	1807.175049	3530721	82335616	1797.80835	1789.404541	1770.331787	1749.571899	1657.817139	1428.859497	0	1
20061026	1804.892944	1816.761963	1791.947021	1810.645996	2626952	56447012	1794.446045	1787.152588	1767.018188	1744.705566	1654.563599	1426.188965	1	0
20061025	1807.030029	1825.609009	1789.905029	1806.645996	2641485	49679600	1790.767578	1783.905884	1763.108398	1740.088135	1651.286987	1423.556763	0	0
20061024	1756.457031	1805.272949	1756.457031	1805.18103	2304470	45563656	1786.875366	1782.251953	1759.538086	1735.335938	1647.896362	1420.977539	0	0
20061023	1789.64502	1797.427002	1753.494019	1759.394043	2499820	48545736	1778.619507	1780.219971	1755.928711	1730.414063	1644.60144	1418.385498	0	1
20061020	1792.599976	1801.333984	1786.343994	1790.364014	2388327	44639816	1781.000366	1779.523071	1754.011108	1726.323975	1641.746582	1415.903809	0	0
20061019	1788.582031	1799.293945	1784.344971	1792.253052	2298175	44083136	1779.858765	1774.182983	1748.977539	1721.933105	1638.376099	1413.364624	0	0
20061018	1762.404053	1787.743042	1760.883057	1787.185059	2063647	39167044	1777.044312	1767.461548	1743.834351	1717.364624	1635.079834	1410.817505	0	0
20061017	1768.628052	1777.598022	1758.311035	1763.901001	2197702	41531996	1777.628296	1760.006592	1739.268188	1712.825928	1631.729126	1408.195923	0	0
20061016	1787.699951	1789.175049	1766.307983	1771.29895	2503603	49410804	1781.820313	1755.853149	1734.821533	1709.043701	1628.518311	1405.673096	0	0
20061013	1776.510986	1792.868042	1773.233032	1784.656006	2356674	44287408	1778.045532	1751.259155	1729.65564	1704.101563	1625.087158	1403.208008	0	0
20061012	1790.630981	1792.239014	1774.141968	1778.18103	2830517	54897448	1768.506836	1746.883789	1723.482178	1698.713501	1621.317749	1400.677368	0	0
20061011	1784.517944	1792.760986	1771.015991	1790.104004	2655124	51714724	1757.87854	1742.310913	1718.179321	1693.1875	1617.833862	1398.204346	0	0
20061010	1784.219971	1793.140991	1771.855957	1784.862061	3186763	58956272	1742.38501	1736.824585	1711.87793	1687.295776	1614.268188	1395.796021	0	0
20060929	1740.05896	1755.69104	1740.05896	1752.42395	2384324	45106208	1729.885742	1731.637329	1705.510986	1681.172119	1610.720093	1393.506958	0	0
20060928	1725.515015	1740.786987	1722.218994	1736.963013	2014231	36329384	1724.473267	1728.49939	1699.724243	1676.025269	1607.307861	1391.379761	0	0
20060927	1711.514038	1725.500977	1709.765991	1725.03894	1653708	30740660	1725.260742	1723.772217	1695.807861	1671.570801	1603.997559	1389.283569	0	0
20060926	1720.781006	1721.583984	1704.774048	1712.636963	1868489	34805144	1726.74353	1720.207397	1692.315796	1667.949951	1600.790283	1387.252686	0	0
20060925	1722.744019	1732.279053	1709.770996	1722.365967	2321870	42705456	1731.264282	1718.529663	1689.235107	1664.050659	1597.599976	1385.27124	0	0
20060922	1744.60498	1746.61499	1724.104004	1725.360962	2573961	47043708	1733.388672	1713.789795	1685.638672	1658.996338	1594.242554	1383.210327	0	0
20060921	1731.584961	1743.630005	1731.222046	1740.901001	2175707	42194460	1732.525635	1708.052124	1680.522461	1655.015137	1590.683716	1381.061768	0	0
20060920	1733.636963	1737.734009	1720.834961	1732.453003	2108606	41555404	1722.283569	1700.080811	1674.628174	1650.52063	1586.965454	1378.856689	0	0
20060919	1735.301025	1743.020996	1728.28894	1735.240967	2357767	47203808	1713.670898	1694.047607	1668.625366	1645.390991	1583.408203	1376.70459	0	0
20060918	1727.915039	1733.412964	1719.160034	1732.987061	2402581	48244608	1705.794922	1686.931396	1662.531006	1640.235596	1579.771118	1374.540894	0	0
20060915	1689.60498	1722.660034	1689.51001	1721.045044	2449322	51253652	1694.190796	1679.384766	1655.939209	1634.050537	1576.128906	1372.302246	0	0
20060914	1689.630981	1696.621948	1672.884033	1689.692017	1877401	36004960	1683.578735	1670.949219	1649.787842	1629.02063	1572.57605	1370.203003	0	0
20060913	1695.350952	1713.989014	1687.04895	1689.389038	2318871	47970576	1677.878174	1667.843994	1645.469971	1626.066162	1569.349121	1368.199707	0	0
20060912	1675.197998	1699.584961	1673.44104	1695.862061	2010270	40109732	1674.424561	1664.424561	1641.821045	1623.115479	1566.07666	1366.181885	0	0
20060911	1668.161011	1675.093994	1653.01001	1674.965942	1693481	32037368	1668.067749	1659.940796	1636.810791	1619.940552	1562.697876	1364.049683	0	0
20060908	1659.702026	1671.307983	1658.672974	1667.984009	1423593	27982848	1664.578735	1657.487915	1631.599365	1617.866089	1559.476685	1361.935181	0	0
20060907	1683.781982	1683.890015	1655.407959	1661.189941	1774064	33729904	1658.319946	1652.99292	1628.496338	1617.667725	1556.155518	1359.880981	0	0
20060906	1665.130005	1672.26001	1656.863037	1672.120972	1844446	35538512	1657.80957	1649.175537	1625.740112	1618.133545	1552.93042	1357.923706	0	0
20060905	1659.737061	1669.901001	1657.046997	1664.078003	2212541	42358400	1654.424438	1643.203125	1621.062378	1618.61792	1549.619507	1355.925293	0	0
20060904	1635.332031	1657.69104	1635.121948	1657.52002	1783122	35280024	1651.813721	1638.130859	1616.887451	1619.330566	1546.244385	1353.937378	0	0
20060901	1658.660034	1660.517944	1634.026001	1636.69104	2000243	38856456	1650.397217	1632.493896	1611.383179	1619.61145	1542.929077	1351.907227	0	0
20060831	1655.902954	1661.473022	1649.996948	1658.637939	1933447	37684304	1647.665771	1628.626587	1608.056152	1620.56604	1539.670288	1349.994873	0	0
20060830	1648.348022	1656.232056	1640.281006	1655.194946	1745536	33824660	1640.541626	1623.095947	1605.177002	1620.448975	1536.224731	1347.961182	0	0
20060829	1652.671997	1667.530029	1649.593018	1651.024048	2746870	52432532	1631.981812	1619.217529	1602.460938	1620.11438	1532.851318	1345.932495	0	0
20060828	1627.123047	1651.28894	1624.281006	1650.437988	2199042	43196256	1624.447998	1613.680664	1599.94043	1621.222046	1529.591919	1344.099731	0	0
20060825	1622.480957	1630.046997	1619.734985	1623.034058	1551758	30264372	1614.590454	1605.710693	1598.055298	1622.303467	1526.57959	1342.207153	0	0
20060824	1612.698975	1623.168945	1601.886963	1623.016968	1370431	26283216	1609.587158	1603.999878	1600.005127	1623.709351	1523.831909	1340.463013	0	0
20060823	1614.392944	1621.399048	1608.740967	1612.395996	1557205	28547540	1605.650146	1602.304688	1602.612671	1624.80127	1521.020752	1338.642578	0	0
20060822	1601.522949	1619.073975	1598.776001	1613.35498	1532287	28409604	1606.453003	1598.921631	1606.325439	1629.054932	1518.47229	1336.927368	0	0
20060821	1565.457031	1602.130005	1558.099976	1601.150024	1211641	24690594	1602.91333	1595.643921	1609.930786	1633.469971	1515.852905	1335.134033	0	0
20060818	1601.567017	1614.36499	1596.562012	1598.017944	1189939	25763032	1596.831055	1590.272583	1613.17041	1637.909302	1513.319702	1333.3396	0	0
20060817	1612.411987	1612.411987	1592.845947	1603.332031	1227324	24565128	1598.41272	1587.485718	1616.535889	1642.314819	1510.810181	1331.503174	1	0
20060816	1596.05603	1616.453003	1591.857056	1616.410034	1548573	30412980	1598.959229	1587.258301	1619.125488	1646.919556	1508.189453	1329.604736	0	0
20060815	1568.266968	1596.652954	1564.397949	1595.656982	1103048	21249056	1591.390381	1585.70459	1620.562866	1650.324341	1505.421509	1327.549316	0	0
20060814	1605.202026	1611.661011	1566.722046	1570.738037	1393683	27329048	1588.37439	1586.200195	1624.992676	1653.187378	1502.861206	1325.597656	0	0
20060811	1605.597046	1610.762939	1596.217041	1605.926025	1243252	24828368	1583.714111	1590.39978	1630.600098	1657.405518	1500.334473	1323.730713	0	0
20060810	1578.354004	1606.942993	1577.859985	1606.064941	1399243	27726004	1576.558838	1596.010376	1633.564209	1659.61499	1497.513672	1321.66272	0	0
20060809	1581.802979	1585.172974	1571.708984	1578.56604	1159260	23061046	1575.557373	1602.920654	1636.049561	1661.800049	1494.718384	1319.570679	0	0
20060808	1547.905029	1581.753052	1547.905029	1580.577026	1263036	26885276	1580.018677	1613.72937	1644.12146	1663.823975	1492.390137	1317.602539	0	0
20060807	1561.801025	1570.053955	1541.412964	1547.436035	1303112	26918054	1584.026001	1624.217773	1652.382813	1665.789673	1489.937988	1315.640015	0	0
20060804	1601.608032	1612.099976	1567.250977	1570.150024	1456484	27599476	1597.085449	1636.068604	1661.727295	1668.656738	1487.706421	1313.741333	0	0
20060803	1599.745972	1609.425049	1587.119019	1601.057983	1199358	21750208	1615.46167	1645.586304	1669.729248	1669.842285	1485.310547	1311.642334	0	0
20060802	1598.758057	1608.776978	1577.901978	1600.871948	1522765	29797936	1630.283569	1650.992798	1676.75	1669.675903	1482.547119	1309.423462	0	0
20060801	1619.63501	1625.043945	1596.657959	1600.614014	1816010	35005084	1647.440063	1655.421509	1682.634155	1669.583984	1479.956909	1307.102539	0	0
20060731	1659.535034	1659.535034	1611.162964	1612.733032	1975698	35815196	1664.409546	1663.7854	1686.680908	1669.308105	1477.302856	1304.78418	0	0
20060728	1674.430054	1678.526978	1646.345947	1662.031006	1894739	34816500	1675.051514	1670.800781	1690.908203	1668.42627	1474.593506	1302.390747	0	0
20060727	1685.347046	1701.610962	1665.385986	1675.167969	2080187	37622828	1675.710938	1671.118408	1691.417236	1665.507568	1471.226929	1299.791016	0	0
20060726	1688.537964	1691.428955	1675.661987	1686.654053	1769057	32647312	1671.701782	1669.178955	1691.239624	1660.801147	1467.701172	1297.194824	0	0
20060725	1668.137939	1690.613037	1668.137939	1685.46106	1973603	35884536	1663.402954	1674.513672	1688.871338	1655.623657	1464.110229	1294.609863	0	0
20060724	1648.749023	1667.616943	1632.687012	1665.94397	1744148	32382276	1663.161377	1680.548096	1686.575806	1651.058105	1460.525513	1292.0177	0	0
20060721	1653.811035	1669.287964	1653.506958	1665.328003	1679170	31378236	1666.549805	1687.386353	1684.950928	1647.286499	1457.072632	1289.538574	0	0
20060720	1642.624023	1658.053955	1636.259033	1655.121948	1664511	30053888	1666.525757	1693.872681	1681.970337	1643.488525	1453.472778	1286.92334	0	0
20060719	1681.770996	1681.770996	1637.485962	1645.160034	2083207	37456760	1666.656006	1702.507446	1679.017578	1641.36731	1449.750366	1284.374756	0	0
20060718	1682.359985	1684.671997	1666.311035	1684.251953	1869602	33123424	1685.624023	1709.846924	1676.665283	1639.51355	1446.064697	1281.948608	0	0
20060717	1662.046997	1684.343994	1653.603027	1682.886963	2005084	34564520	1697.934814	1709.576538	1672.069336	1639.342651	1442.208252	1279.345825	0	0
20060714	1641.137939	1676.754028	1633.897949	1665.208008	2489567	44543092	1708.223022	1711.015991	1667.239258	1639.400513	1438.406616	1276.770508	0	1
20060713	1736.207031	1737.594971	1654.485962	1655.772949	4012466	73323440	1721.219482	1711.716431	1662.702148	1639.540283	1434.622192	1274.298584	0	0
20060712	1745.878052	1753.275024	1737.999023	1740	3088448	53031088	1738.359009	1713.300781	1656.612549	1640.487671	1430.99585	1271.897949	0	0
20060711	1736.985962	1746.723999	1725.230957	1745.80603	2474212	44234856	1734.069946	1703.229248	1646.178955	1637.197632	1426.626343	1269.261719	0	0
20060710	1730.697998	1737.031006	1715.828003	1734.328979	2402149	41530504	1721.21814	1692.60376	1636.313232	1634.246948	1422.156494	1266.698486	0	0
20060707	1746.520996	1750.027954	1724.675049	1730.189941	2978591	51886620	1713.80896	1682.515869	1627.236694	1631.387329	1417.680908	1264.195679	0	0
20060706	1715.279053	1742.203979	1711.651001	1741.469971	3002072	52532168	1702.213135	1670.067993	1618.296509	1627.510986	1413.104004	1261.772095	0	0
20060705	1755.222046	1757.472046	1703.584961	1718.555054	3279228	63555176	1688.242554	1655.52771	1610.797485	1622.509399	1408.267456	1259.213867	0	0
20060704	1700.322998	1702.657959	1670.130005	1681.546997	3312026	58395592	1672.388916	1643.483765	1604.346924	1618.255127	1403.694946	1256.714355	0	0
20060703	1677.311035	1697.829956	1670.015991	1697.281982	2880929	52494032	1663.989624	1634.562256	1604.22583	1615.688599	1399.323975	1254.39624	0	0
20060630	1679.723999	1690.953003	1662.280029	1672.21106	2897457	53779912	1651.223022	1623.462646	1603.593018	1614.368896	1394.799072	1252.012939	0	0
20060629	1641.927979	1672.100952	1641.927979	1671.618042	2947064	56585060	1637.923096	1613.688232	1603.452393	1613.946777	1390.503906	1249.786743	0	0
20060628	1638.22998	1642.354004	1627.067993	1639.286011	1884310	35172680	1622.812744	1599.924438	1604.081299	1612.135376	1386.11438	1247.442627	0	0
20060627	1636.703003	1642.571045	1627.592041	1639.551025	2171546	38841408	1614.578491	1589.128662	1604.182007	1611.664185	1381.914063	1245.229614	1	0
20060626	1607.786011	1635.802979	1607.786011	1633.448975	2415808	41848468	1605.134766	1580.022949	1605.068726	1610.787598	1377.674072	1242.962646	0	0
20060623	1594.494995	1608.108032	1582.019043	1605.71106	2112148	37084896	1595.702271	1571.957886	1605.823242	1611.808838	1373.531494	1240.802734	0	0
20060622	1593.097046	1605.251953	1587.79895	1596.06604	1848307	34247352	1589.453369	1566.525146	1606.232544	1611.712769	1369.581787	1238.805176	0	0
20060621	1590.607056	1617.713989	1570.083008	1598.115967	2266283	42205680	1577.036133	1566.067627	1606.000488	1609.75647	1365.677246	1236.854126	0	0
20060620	1583.870972	1592.832031	1572.582031	1592.332031	2094966	38571340	1563.678467	1565.210449	1605.640869	1608.008911	1361.722412	1234.98584	0	0
20060619	1559.984985	1591.849976	1544.93103	1586.286011	2104394	39885132	1554.910889	1573.889771	1606.251831	1605.969971	1357.831299	1233.078735	0	0
20060616	1540.187012	1574.474976	1540.187012	1574.467041	1907344	36684376	1548.213501	1583.723633	1609.822021	1602.997192	1353.927612	1230.857422	0	0
20060615	1531.246948	1551.300049	1528.22998	1533.97998	1597010	30511548	1543.596924	1593.216797	1614.075928	1598.522339	1350.110107	1228.697144	0	0
20060614	1540.63501	1540.63501	1512.520996	1531.327026	1778897	35625900	1555.098877	1608.238281	1618.240845	1594.614014	1346.605835	1226.615723	0	0
20060613	1552.098022	1570.099976	1532.05896	1548.494995	1845662	34705424	1566.742432	1619.235596	1622.931885	1590.81897	1342.997559	1224.55481	0	0
20060612	1540.215942	1566.447021	1529.503052	1552.797974	1860902	34265080	1592.86853	1630.114868	1626.169678	1585.86145	1339.256714	1222.517334	0	0
20060609	1583.956055	1594.437988	1550.202026	1551.384033	2638773	51479080	1619.233765	1639.688843	1631.734131	1581.09436	1335.381714	1220.549072	0	0
20060608	1576.435059	1596.121948	1540.93396	1591.48999	3080013	60902148	1642.83667	1645.940063	1634.306396	1576.608032	1331.446777	1218.584229	0	0
20060607	1678.238037	1678.238037	1588.970947	1589.545044	3830867	77829656	1661.377686	1645.933594	1631.60083	1569.755127	1327.303467	1216.426025	0	0
20060606	1681.219971	1692.824951	1672.813965	1679.125977	3301550	67697232	1671.728882	1646.071533	1629.407959	1563.326904	1323.213379	1214.303345	0	0
20060605	1669.235962	1685.291992	1639.680054	1684.624023	3675585	72509152	1667.361084	1638.614014	1622.01001	1553.526733	1318.381226	1211.875488	0	0
20060602	1688.781982	1695.579956	1659.140015	1669.399048	4532033	82663152	1660.143921	1635.92041	1612.633911	1543.326294	1313.484253	1209.432373	0	0
20060601	1639.672974	1684.708984	1635.745972	1684.194946	3885935	72340096	1649.043213	1634.935059	1601.175049	1532.997559	1308.829468	1207.037964	0	0
20060531	1656.284058	1667.233032	1628.678955	1641.300049	3337926	59935536	1630.489014	1628.243652	1587.802002	1521.268799	1304.085327	1204.698242	0	0
20060530	1654.97998	1663.928955	1634.900024	1657.287964	3228391	56292292	1620.413818	1626.628174	1576.610718	1511.896484	1299.685913	1202.546875	0	0
20060529	1622.108032	1648.838013	1609.005005	1648.537964	2968173	55500192	1609.866699	1622.224487	1563.734741	1502.061035	1295.089844	1200.32959	0	0
20060526	1596.564941	1614.552979	1593.093018	1613.894043	2470444	48077100	1611.696777	1623.779541	1551.797119	1492.412476	1290.507568	1198.134155	0	0
20060525	1585.465942	1598.55896	1563.863037	1591.425049	2325545	43743360	1620.826904	1622.673218	1541.942139	1483.38147	1286.391235	1196.060547	0	1
20060524	1609.741943	1634.589966	1562.386963	1590.92395	3335265	62341176	1625.998291	1617.268433	1531.665771	1474.991943	1282.437744	1194.125244	0	0
20060523	1647.962036	1648.527954	1597.102051	1604.552002	3961171	77077512	1632.842529	1612.744873	1521.954712	1466.633057	1278.307739	1192.17749	0	0
20060522	1656.754028	1674.220947	1646.682983	1657.688965	4445600	85337808	1634.582275	1605.405884	1510.982666	1457.474731	1274.068848	1190.256348	0	0
20060519	1620.213013	1664.614014	1610.040039	1659.545044	4217588	84573800	1635.862061	1589.34729	1497.028931	1446.200806	1269.317505	1188.167725	0	0
20060518	1611.656982	1630.072998	1582.962036	1617.281006	3616160	65601264	1624.519531	1567.415039	1482.028564	1434.158936	1264.559937	1186.052856	0	0
20060517	1613.22998	1640.694946	1592.185059	1625.145996	4345099	76542712	1608.538818	1547.360107	1467.781128	1423.40686	1260.167603	1184.220337	0	0
20060516	1658.692017	1678.598999	1604.784058	1613.250977	5415012	96532088	1592.646973	1526.593262	1454.530518	1412.754395	1255.693848	1182.39624	0	0
20060515	1616.259033	1664.937988	1606.569946	1664.088013	5333870	98425648	1576.229004	1505.244751	1441.979248	1402.272339	1251.484741	1180.53833	0	0
20060512	1532.878052	1603.21106	1531.233032	1602.832031	4217382	76502824	1542.832275	1479.814697	1426.728882	1389.999878	1246.86853	1178.543213	0	0
20060511	1547.55603	1583.760986	1536.291992	1537.376953	4356612	81101608	1510.310425	1461.210693	1413.735596	1379.728882	1242.683716	1176.763794	0	0
20060510	1537.561035	1554.034058	1518.334961	1545.687012	3637082	67974048	1486.181396	1446.062866	1403.853638	1371.898193	1239.039307	1175.291138	0	0
20060509	1503.239014	1532.754028	1497.994019	1531.161011	3674092	69793840	1460.539429	1431.164551	1393.577271	1363.598877	1235.285645	1173.798462	0	0
20060508	1446.991943	1497.202026	1446.991943	1497.104004	2966077	56580500	1434.26062	1416.559814	1383.509155	1355.573364	1231.732666	1172.410645	0	0
20060428	1403.522949	1444.713989	1389.345947	1440.223022	2536996	48147408	1416.797119	1404.710693	1374.627563	1348.617065	1228.339722	1171.221924	0	0
20060427	1418.902954	1424.464966	1407.140991	1416.732056	2121772	39473824	1412.111084	1396.642212	1367.531128	1342.924927	1225.444702	1170.251831	0	0
20060426	1399.067993	1426.625977	1397.348999	1417.477051	2818197	51900052	1405.94458	1388.202148	1361.43042	1338.173584	1222.645752	1169.452759	0	0
20060425	1405.897949	1409.274048	1386.125977	1399.766968	2478121	46606908	1401.789673	1382.467651	1355.834839	1333.418213	1219.981567	1168.720215	0	0
20060424	1423.409058	1429.05603	1402.269043	1409.786011	2888188	56096260	1398.859009	1378.713867	1350.785889	1328.727417	1217.459839	1168.114014	0	0
20060421	1385.922974	1419.890991	1383.449951	1416.792969	2529168	51390520	1392.624634	1373.643311	1345.092529	1323.723877	1215.060913	1167.353027	0	0
20060420	1398.098022	1404.192017	1376.96106	1385.900024	2406881	47128760	1381.173584	1366.260498	1338.988037	1318.019043	1212.764038	1166.64978	0	0
20060419	1389.134033	1399.546997	1378.796021	1396.702026	2172218	43904548	1370.459595	1361.644287	1334.815796	1313.328125	1210.725952	1166.10022	0	0
20060418	1379.812988	1391.378052	1370.152954	1385.114014	1844769	40092048	1363.145752	1355.990234	1329.816162	1308.450684	1208.552856	1165.415405	0	0
20060417	1360.644043	1383.654053	1353.395996	1378.614014	2066478	47466492	1358.568604	1350.45874	1325.0802	1304.277466	1206.465332	1164.734375	0	0
20060414	1330.094971	1360.093994	1328.435059	1359.537964	1827871	41985720	1354.661987	1344.544312	1320.570435	1301.288818	1204.486816	1163.987061	0	0
20060413	1359.277954	1364.31604	1331.682007	1332.329956	2059987	46539660	1351.347412	1338.420044	1316.06665	1299.080688	1202.585571	1163.360596	0	0
20060412	1361.740967	1364.69104	1355.655029	1360.131958	1918615	44208324	1352.828857	1334.658936	1313.159668	1297.525391	1200.979004	1162.925537	0	0
20060411	1360.978027	1366.522949	1350.322998	1362.229004	2330494	51288496	1348.834717	1329.202393	1308.893677	1295.740479	1199.249634	1162.209839	0	0
20060410	1344.239014	1359.407959	1339.522949	1359.081055	2108117	48870808	1342.348633	1322.858521	1303.734375	1293.633911	1197.579834	1161.451294	0	0
20060407	1340.645996	1345.291016	1330.512939	1342.964966	2107012	44424928	1334.426514	1316.54187	1298.764038	1291.570557	1195.897583	1160.795044	0	0
20060406	1341.735962	1348.52002	1336.137939	1339.737061	2231208	45711840	1325.492554	1311.71582	1293.898315	1290.033936	1194.197388	1160.223633	0	0
20060405	1330.561035	1341.504028	1326.532959	1340.161987	2027368	41171184	1316.488892	1307.987793	1289.170044	1288.337646	1192.662964	1159.687134	0	0
20060404	1319.837036	1330.10498	1315.331055	1329.797974	2020113	40652240	1309.569702	1303.642212	1284.68103	1286.473267	1191.123901	1159.15918	0	0
20060403	1298.68396	1319.484985	1298.68396	1319.470947	1784621	37268664	1303.368408	1299.701904	1281.186768	1285.093994	1189.473877	1158.646606	0	0
20060331	1291.517944	1298.750977	1285.734985	1298.295044	1418687	29711656	1298.657227	1296.59668	1279.660889	1283.362915	1187.921753	1158.196411	0	0
20060330	1305.843018	1308.495972	1293.828979	1294.718018	1381141	30078632	1297.939087	1293.713257	1279.411011	1282.333496	1186.727905	1157.927368	0	0
20060329	1299.383057	1313.125	1296.589966	1305.567017	1781947	41644864	1299.486816	1291.660522	1278.958496	1281.530396	1185.538574	1157.658081	0	0
20060328	1295.76001	1302.647949	1293	1298.791016	1215022	30014442	1297.7146	1288.584961	1279.009521	1281.317139	1184.325073	1157.40979	0	0
20060327	1296.06604	1296.593018	1283.682007	1295.915039	1052963	23433732	1296.0354	1284.610352	1279.021484	1280.901733	1183.401855	1157.237061	0	0
20060324	1302.140991	1308.057007	1293.296021	1294.703979	1272149	28252044	1294.536011	1280.986084	1279.084961	1280.359253	1182.70752	1157.130127	0	0
20060323	1296.19397	1302.791016	1289.525024	1302.457031	1287496	28369716	1289.487549	1276.080933	1279.193115	1279.95752	1182.090332	1157.125122	0	0
20060322	1289.46106	1296.911987	1281.128052	1296.706055	1114633	24710896	1283.834229	1270.352051	1278.512695	1278.857422	1181.34436	1157.074951	1	0
20060321	1288.555054	1297.608032	1285.43103	1290.39502	1222988	26863808	1279.455322	1265.719727	1277.888672	1278.63562	1180.682495	1157.032959	0	0
20060320	1269.581055	1288.970947	1264.410034	1288.417969	1000726	22773024	1273.185181	1262.671753	1277.789795	1278.359131	1180.073364	1157.13855	0	0
20060317	1273.01001	1276.628052	1265.605957	1269.462036	937064	20280364	1267.436279	1262.725464	1276.746094	1278.332642	1179.396118	1157.257935	0	0
20060316	1274.61499	1277.19397	1270.831055	1274.189941	942563	20145668	1262.674561	1265.109009	1276.643433	1277.952271	1178.718994	1157.354858	0	0
20060315	1259.230957	1275.515015	1258.145996	1274.812012	962890	21653180	1256.869751	1266.256592	1276.465454	1277.2146	1178.014404	1157.408936	0	0
20060314	1260.421997	1262.751953	1250.276978	1259.043945	733746	17392268	1251.984131	1269.434082	1277.683228	1276.579834	1177.34436	1157.487061	0	0
20060313	1245.300049	1260.071045	1245.300049	1259.67395	686543	15162344	1252.158569	1273.432739	1279.047363	1276.455444	1176.804932	1157.600586	0	0
20060310	1245.187988	1253.911011	1240.750977	1245.652954	717422	15871650	1258.014771	1277.18396	1280.045654	1276.185303	1176.085449	1157.775513	0	0
20060309	1247.462036	1253.758057	1242.68103	1245.166016	775515	17847686	1267.543579	1282.305176	1281.895752	1275.775269	1175.673462	1158.016846	0	0
20060308	1256.685059	1258.239014	1238.156006	1250.384033	951746	22291020	1275.643555	1286.673218	1283.110107	1274.551025	1175.204224	1158.286133	0	0
20060307	1288.255005	1288.255005	1257.540039	1259.916016	1081071	25186280	1286.884033	1290.057495	1285.093628	1272.967163	1174.658569	1158.524536	0	0
20060306	1292.746948	1296.847046	1286.644043	1288.954956	983661	22082546	1294.706787	1292.907837	1286.202637	1271.685425	1173.849243	1158.722656	0	0
20060303	1284.605957	1295.411011	1275.624023	1293.296997	1268122	27258992	1296.353027	1290.766479	1286.13623	1269.610474	1172.661011	1158.803711	0	0
20060302	1306.584961	1307.639038	1281.571045	1285.666016	1478456	30585804	1297.066772	1288.177612	1284.373657	1266.869019	1171.503662	1158.768555	0	0
20060301	1299.154053	1308.196045	1297.762939	1306.58606	1185062	25420878	1297.702881	1286.674316	1282.693481	1264.700806	1170.555298	1158.661743	0	0
20060228	1294.807007	1299.473022	1277.740967	1299.030029	1205641	27928296	1293.231079	1285.932373	1280.152832	1261.670166	1169.437744	1158.539917	0	0
20060227	1297.687012	1304.613037	1293.467041	1297.186035	1377890	32663568	1291.108887	1284.661865	1277.966797	1258.683228	1168.338501	1158.459351	0	0
20060224	1289.43396	1297.343018	1286.962036	1296.865967	1164443	26836964	1285.180054	1282.907349	1275.686279	1255.352661	1167.111816	1158.346802	0	0
20060223	1284.130005	1289.942993	1273.942017	1288.847046	1084635	25445238	1279.28833	1281.486328	1272.510498	1251.489136	1165.959595	1158.128418	0	0
20060222	1288.853027	1297.938965	1282.910034	1284.225952	1459779	40352232	1275.64563	1279.547119	1268.48999	1247.22937	1164.804199	1157.983032	0	0
20060221	1266.64502	1288.546021	1256.807983	1288.418945	1314875	29453308	1278.633545	1280.130127	1264.422119	1243.417358	1163.669312	1157.602051	0	0
20060220	1268.107056	1279.422974	1265.380005	1267.541992	1059989	23235588	1278.21521	1279.497803	1261.074219	1239.037842	1162.872803	1157.215576	0	0
20060217	1269.400024	1280.041016	1265.140991	1267.407959	1279880	28348148	1280.634766	1281.506104	1259.032349	1235.262817	1162.120605	1157.000244	0	0
20060216	1298.496948	1298.496948	1268.563965	1270.633057	1593479	35379956	1283.684326	1280.569824	1256.2146	1231.576538	1161.450562	1156.834229	0	1
20060215	1289.137939	1300.994995	1288.636963	1299.166016	1499690	33029824	1283.448608	1278.712769	1253.713745	1227.384399	1160.594604	1156.719482	1	0
20060214	1279.626953	1286.421021	1275.849976	1286.327026	1123116	24076912	1281.626465	1274.373535	1249.538818	1221.920288	1159.631348	1156.540039	0	1
20060213	1283.776001	1284.95105	1267.561035	1279.640015	1319718	28812744	1280.780151	1271.271729	1245.693604	1216.734619	1158.620483	1156.417725	0	0
20060210	1269.536011	1284.095947	1266.224976	1282.656006	1336571	28989228	1282.377319	1268.465332	1241.575073	1211.95813	1157.561157	1156.237183	0	0
20060209	1288.965942	1288.965942	1266.811035	1269.453979	1441277	31914352	1277.455322	1263.534668	1236.490479	1206.927856	1156.363281	1155.924072	0	0
20060208	1282.120972	1291.737061	1276.02002	1290.055054	1774939	49378668	1273.977051	1257.433105	1231.070557	1202.196411	1155.190674	1155.71875	0	0
20060207	1289.453003	1297.404053	1270.404053	1282.095947	2000723	42965836	1267.120728	1248.714478	1225.061035	1196.64624	1153.628418	1155.460327	0	0
20060206	1263.003052	1287.665039	1263.003052	1287.625977	1534544	34971780	1261.763184	1242.650757	1218.807983	1191.422485	1152.175171	1155.198486	0	0
20060125	1251.269043	1260.17395	1245.916016	1258.046021	1384638	28765148	1254.553223	1236.558716	1212.141113	1185.763428	1150.645264	1155.030518	0	0
20060124	1256.005005	1262.087036	1247.006958	1252.062012	1604712	33254892	1249.614014	1231.859375	1207.079834	1181.040649	1149.236084	1155.023682	0	0
20060123	1254.776978	1257.347046	1244.274048	1255.774048	1444048	33571016	1240.889282	1228.714966	1201.720215	1176.421143	1147.827637	1155.042969	0	0
20060120	1251.409058	1258.697998	1247.204956	1255.307983	1647074	36525512	1230.30835	1224.704224	1195.693604	1171.172607	1146.417358	1155.049805	0	0
20060119	1235.083008	1251.957031	1230.849976	1251.57605	1573033	38144464	1223.538452	1220.115601	1189.466064	1165.98291	1145.03894	1155.037964	0	0
20060118	1207.525024	1234.529053	1206.359009	1233.349976	1277964	30795720	1218.564087	1214.684937	1183.704346	1160.52356	1143.549072	1155.010742	0	0
20060117	1200.255005	1209.024048	1198.838989	1208.437988	960998	21816272	1214.104614	1209.446289	1178.624268	1155.384888	1141.98291	1155.035156	0	0
20060116	1221.109985	1221.385986	1202.587036	1202.869019	1230890	29452892	1216.540649	1204.708252	1174.577881	1151.579956	1140.63208	1155.209106	0	0
20060113	1228.156982	1231.223022	1214.880981	1221.458984	1356738	32342160	1219.100342	1201.407471	1170.612061	1148.109375	1139.113281	1155.368652	0	0
20060112	1208.765991	1227.302002	1205.282959	1226.703979	1315084	30310916	1216.692993	1194.965088	1165.808472	1144.036011	1137.443237	1155.548706	0	0
20060111	1219.811035	1223.55896	1204.041016	1211.052979	1535019	34430876	1210.80603	1187.723389	1160.365723	1139.71228	1135.673706	1155.736572	0	0
20060110	1215.848022	1220.755981	1203.651001	1220.618042	1378450	30754280	1204.787964	1182.300415	1155.63147	1136.371094	1134.015869	1155.989624	0	0
20060109	1210.319946	1217.313965	1205.248047	1215.667969	1446243	32136776	1192.875732	1174.725708	1150.274414	1132.847778	1132.395142	1156.2229	0	0
20060106	1198.811035	1215.536011	1191.614014	1209.421997	1753877	39717420	1183.7146	1166.682861	1144.406982	1129.437988	1130.934692	1156.481323	0	0
20060105	1183.305054	1197.837036	1180.45105	1197.269043	1545415	38161000	1173.237061	1158.816406	1138.916748	1125.982178	1129.501221	1156.783691	0	0
20060104	1163.878052	1181.004028	1161.906006	1180.963013	1235489	28306070	1164.640869	1152.723755	1133.442749	1122.694946	1128.241943	1157.125488	0	0
20051230	1171.574951	1173.063965	1158.965942	1161.057007	1047991	24000692	1159.812744	1147.80249	1128.35437	1120.660767	1126.829712	1157.631836	0	0
20051229	1157.505981	1169.866943	1157.505005	1169.862061	1101849	26570512	1156.575562	1144.447754	1125.015869	1119.192139	1125.637329	1158.088257	0	0
20051228	1155.116943	1157.197021	1149.270996	1157.034058	677833	17587990	1149.650757	1139.817017	1121.460205	1116.707153	1124.543457	1158.510498	0	0
20051227	1157.489014	1158.162964	1149.847046	1154.287964	725990	18089136	1144.395874	1136.652222	1118.571777	1114.669067	1123.514526	1159.044434	0	0
20051226	1145.77002	1159.781982	1145.337036	1156.822998	877989	21491898	1140.806641	1133.008057	1115.706787	1112.443115	1122.554199	1159.647217	0	0
20051223	1135.704956	1144.937988	1135.073975	1144.870972	682669	17316364	1135.792236	1128.962402	1113.406616	1110.170654	1121.641113	1160.272095	0	0
20051222	1129.563965	1136.000977	1125.953979	1135.238037	535777	13600805	1132.319702	1125.822998	1111.908936	1108.348145	1120.897095	1160.922974	0	0
20051221	1135.977051	1142.392944	1128.942993	1130.759033	587832	16870708	1129.983032	1122.13147	1110.815796	1106.783569	1120.444702	1161.620605	0	0
20051220	1131.796021	1136.385986	1126.990967	1136.342041	545010	14904687	1128.908569	1119.01709	1109.565186	1106.030029	1120.22998	1162.36853	0	0
20051219	1127.837036	1134.5	1123.504028	1131.750977	543178	15363433	1125.209351	1114.162231	1107.680664	1105.15686	1119.998779	1163.178223	0	0
20051216	1122.733032	1127.94104	1118.936035	1127.508057	597202	14925702	1122.132568	1108.906738	1107.090088	1104.120239	1119.93689	1163.957153	0	0
20051215	1125.671997	1134.853027	1121.55603	1123.555054	796705	21706978	1119.326416	1105.584717	1106.564575	1103.204834	1119.723267	1164.742065	0	0
20051214	1117.469971	1127.629028	1110.206055	1125.386963	723007	17972824	1114.279907	1103.103882	1105.152222	1102.261963	1119.474365	1165.606445	0	0
20051213	1115.765015	1119.421021	1106.749023	1117.845947	540444	14536790	1109.12561	1100.491455	1103.67749	1101.575562	1119.279785	1166.453613	0	0
20051212	1115.750977	1118.525024	1109.082031	1116.366943	563432	14521742	1103.115234	1098.405518	1102.160522	1100.645752	1119.143433	1167.314575	0	0
20051209	1097.515015	1114.583984	1094.738037	1113.477051	635167	17412088	1095.681152	1097.850952	1100.77478	1099.860718	1119.137329	1168.188843	0	0
20051208	1100.685059	1106.342041	1092.991943	1098.322998	507499	15956153	1091.84314	1097.994995	1099.610718	1098.773682	1118.905029	1169.098145	0	0
20051207	1087.740967	1100.047974	1086.733032	1099.61499	504036	16715419	1091.927979	1099.500122	1099.109619	1098.755615	1118.802368	1170.054565	1	0
20051206	1077.578003	1089.593994	1074.006958	1087.793945	525565	16489206	1091.857178	1100.113159	1099.536499	1098.67395	1118.579346	1171.083008	0	0
20051205	1093.100952	1093.100952	1077.405029	1079.197021	516488	16783008	1093.695679	1101.199219	1100.654175	1099.811279	1118.626587	1172.165283	0	1
20051202	1099.755981	1102.759033	1089.562012	1094.286987	489992	14105440	1100.020752	1105.273193	1101.726807	1101.877075	1118.852295	1173.284912	0	0
20051201	1098.784058	1104.562988	1094.437988	1098.746948	425319	12172240	1104.146729	1107.544312	1102.014771	1103.444946	1118.969116	1174.3927	0	0
20051130	1095.29895	1099.577026	1090.723022	1099.260986	482206	14218183	1107.072021	1107.200684	1101.840942	1104.684814	1119.238281	1175.529785	0	0
20051129	1109.56897	1110.305054	1095.343994	1096.985962	511796	16366096	1108.369019	1106.863525	1102.117432	1105.863037	1119.374268	1176.652466	0	0
20051128	1113.828979	1119.344971	1106.942993	1110.822998	556212	15023000	1108.702759	1105.915771	1101.765869	1107.337036	1118.823853	1177.735596	0	0
20051125	1113.282959	1115.081055	1107.213013	1114.916016	636449	18039438	1110.525391	1103.69873	1100.865479	1108.021851	1118.187012	1178.717041	0	0
20051124	1105.334961	1117.94397	1103.762939	1113.374023	728881	20730694	1110.942017	1101.226685	1099.163086	1108.843018	1117.342896	1179.738892	0	0
20051123	1096.560059	1106.477051	1093.952026	1105.745972	511008	14543051	1107.329346	1098.719482	1098.383423	1110.150757	1116.53186	1180.765625	0	0
20051122	1119.688965	1119.688965	1098.494995	1098.655029	612397	17146476	1105.358032	1098.960083	1097.954346	1112.021118	1115.977173	1181.751465	0	0
20051121	1117.776001	1122.879028	1114.243042	1119.936035	663948	17769324	1103.128662	1100.109131	1099.117432	1113.972412	1115.661377	1182.745117	0	0
20051118	1095.520996	1122.609985	1093.529053	1116.999023	1003539	26656112	1096.87207	1098.180542	1100.179077	1114.606079	1115.163208	1183.682861	0	0
20051117	1094.878052	1098.675049	1090.35498	1095.310059	522437	13413698	1091.51123	1096.485107	1101.395142	1115.893188	1114.621094	1184.44458	0	0
20051116	1086.82605	1096.296997	1075.43103	1095.890015	551779	15135116	1090.109497	1096.481323	1103.427002	1117.898926	1114.317261	1185.280396	0	0
20051115	1088.511963	1099.029053	1082.506958	1087.508057	551338	14839703	1092.56189	1097.371704	1105.362915	1119.095215	1114.119385	1186.117432	0	0
20051114	1089.55896	1089.708984	1083.022949	1088.652954	410364	12903257	1097.089722	1097.615967	1108.047607	1120.619507	1114.005615	1186.98645	0	0
20051111	1085.69397	1094.307007	1078.583008	1090.194946	557575	16031391	1099.489136	1098.032349	1110.183594	1122.832397	1113.857056	1187.938721	0	0
20051110	1106.94397	1106.94397	1086.099976	1088.301025	759688	23324026	1101.459229	1097.099487	1112.651123	1124.891968	1113.932739	1188.784302	0	0
20051109	1110.546997	1117.062988	1107.641968	1108.152954	818154	27009208	1102.853516	1098.047607	1115.866577	1127.28064	1114.059082	1189.6521	0	0
20051108	1099.939941	1111.119019	1092.53894	1110.146973	710744	21967608	1102.181396	1096.948486	1118.551636	1129.941772	1114.015869	1190.501709	1	0
20051107	1099.526978	1100.952026	1089.828979	1100.650024	559319	13969705	1098.141968	1098.12561	1120.903931	1133.357422	1113.928345	1191.427979	0	0
20051104	1094.258057	1100.430054	1087.844971	1100.045044	628918	17338832	1096.575439	1102.17749	1122.818848	1137.356812	1113.885132	1192.396484	0	0
20051103	1104.593994	1111.437012	1090.821045	1095.272949	776667	20366228	1092.739746	1106.304932	1125.59729	1141.119995	1113.948364	1193.295654	0	0
20051102	1089.996948	1108.884033	1089.996948	1104.791992	841991	22338974	1093.241577	1110.372559	1128.607788	1145.187134	1114.021118	1194.159058	0	0
20051101	1091.677002	1094.152954	1074.297974	1089.949951	657555	17351112	1091.715454	1113.354248	1129.956787	1148.936035	1114.18335	1195.057251	0	0
20051031	1079.040039	1096.149048	1078.285034	1092.817017	672955	17686604	1098.109009	1118.479248	1132.121338	1152.843018	1114.563354	1195.939697	0	0
20051028	1097.584961	1102.022949	1067.406982	1080.866943	816227	19988640	1107.779907	1122.334961	1135.232666	1156.022949	1114.880005	1196.890747	0	0
20051027	1093.930054	1101.269043	1087.484009	1097.781982	823224	19299380	1119.869873	1128.202881	1138.788208	1159.648193	1115.532471	1197.917725	0	0
20051026	1119.428955	1119.428955	1094.571045	1097.161011	887395	21593488	1127.503418	1133.685547	1141.897217	1162.869141	1116.126831	1198.868286	0	0
20051025	1140.172974	1140.172974	1121.286011	1121.917969	817820	18774294	1134.992798	1140.154663	1146.438599	1166.107422	1116.556885	1199.801636	0	0
20051024	1141.331055	1143.458984	1133.920044	1141.171021	818420	18288404	1138.849365	1143.682129	1150.973511	1167.820801	1116.918579	1200.645752	0	0
20051021	1135.609985	1145.98999	1132.358032	1141.317993	873290	19122406	1136.890137	1143.460083	1154.946289	1169.656006	1117.058594	1201.628174	0	0
20051020	1133.453003	1136.313965	1119.378052	1135.948975	873381	20473776	1136.535889	1144.889648	1158.52771	1171.240356	1117.290894	1202.600586	0	0
20051019	1141.052002	1150.593994	1132.479004	1134.608032	928273	21504684	1139.867554	1146.843262	1162.59436	1172.873047	1117.595947	1203.709473	0	0
20051018	1131.262939	1142.036987	1129.668945	1141.20105	937677	20478916	1145.31665	1146.559814	1166.727051	1173.812744	1118.009155	1204.862915	0	0
20051017	1138.379028	1138.379028	1121.968018	1131.375	756331	17065172	1148.514771	1145.763428	1170.025024	1173.985596	1118.498291	1205.884399	0	0
20051014	1152.374023	1154.319946	1135.509033	1139.546997	794889	17911176	1150.029785	1148.130127	1172.866943	1174.753906	1119.05127	1207.038818	0	0
20051013	1162.022949	1165.35498	1152.088989	1152.607056	894275	21289660	1153.243164	1149.373413	1175.370728	1175.831177	1119.696411	1208.223022	0	0
20051012	1157.484985	1165.666016	1152.250977	1161.853027	969886	23097312	1153.818848	1150.108765	1177.460938	1176.493408	1120.377319	1209.322266	0	0
20051011	1137.947998	1157.302979	1133.89502	1157.192017	660682	16095365	1147.802979	1152.72229	1179.08374	1176.669556	1121.096924	1210.417236	0	0
20051010	1153.671997	1153.671997	1137.28894	1138.949951	559114	13451012	1143.012085	1158.264771	1179.890137	1176.428345	1121.616333	1211.647583	0	0
20050930	1156.77002	1158.697998	1150.626953	1155.614014	702257	15411173	1146.230469	1166.432495	1182.754028	1177.083374	1122.466431	1212.772339	0	0
20050929	1134.44104	1155.776978	1134.44104	1155.484985	874966	20109324	1145.503662	1172.165771	1184.415771	1176.902344	1123.240601	1213.944092	0	0
20050928	1131.317017	1142.48999	1129.053955	1131.774048	691933	15950542	1146.39856	1178.345459	1185.888184	1176.654053	1123.824097	1215.175171	0	0
20050927	1155.052979	1157.79895	1132.526978	1133.237061	866765	19902436	1157.641357	1186.894165	1187.439331	1178.689331	1124.516479	1216.306763	0	0
20050926	1150.932983	1155.604004	1147.267944	1155.041992	692532	15390726	1173.517334	1194.286621	1188.096924	1180.157471	1125.00415	1217.258667	0	0
20050923	1157.295044	1164.598999	1149.744995	1151.97998	875884	21070670	1186.634399	1197.60376	1188.06604	1181.222778	1125.403442	1218.059326	0	0
20050922	1185.687988	1185.687988	1147.19397	1159.959961	1357624	33633716	1198.827759	1201.368286	1189.060181	1181.754028	1125.999878	1218.652954	0	0
20050921	1210.852051	1210.852051	1186.980957	1187.988037	1445601	34405216	1210.291992	1204.813354	1189.685791	1182.54126	1126.177246	1219.054321	0	1
20050920	1222.255005	1223.564941	1204.869019	1212.616943	1531662	34692432	1216.146729	1205.445557	1188.643311	1181.776001	1126.048706	1219.450684	0	0
20050919	1213.485962	1220.973999	1210.187988	1220.626953	1182511	27108096	1215.055908	1201.515869	1185.510254	1179.773193	1125.902222	1219.737427	0	0
20050916	1217.418945	1217.758057	1208.561035	1212.947021	1055259	23622460	1208.572998	1199.075562	1182.408691	1177.048462	1125.731323	1220.092163	0	0
20050915	1217.519043	1218.94104	1210.718018	1217.281006	1304330	29105976	1203.908569	1196.665771	1179.270508	1174.241699	1125.67041	1220.537598	0	0
20050914	1209.266968	1217.412964	1204.546021	1217.260986	1520850	35196040	1199.334595	1193.430908	1175.808228	1170.418579	1125.594482	1220.954346	1	0
20050913	1188.25	1207.401001	1186.219971	1207.16394	1191496	28418686	1194.744263	1187.984619	1174.586792	1166.766479	1125.464478	1221.393921	0	0
20050912	1189.746948	1191.932983	1181.43396	1188.212036	783680	18375298	1187.97583	1181.906738	1173.092529	1163.328857	1125.462402	1221.876953	0	0
20050909	1194.494995	1204.456055	1184.422974	1189.625	1035242	24902980	1189.578247	1178.52832	1173.032227	1160.020142	1125.819458	1222.409912	0	0
20050908	1196.272949	1201.463013	1184.787964	1194.411011	1484081	34759752	1189.422852	1176.751831	1171.946777	1156.467163	1126.134155	1223.019653	0	0
20050907	1170.77002	1194.58606	1168.581055	1194.30896	1336967	30895956	1187.527222	1174.558228	1171.405151	1152.871704	1126.542969	1223.519653	0	0
20050906	1197.230957	1201.823975	1172.063965	1173.322021	1550257	36324396	1181.224976	1171.840942	1169.941406	1149.391724	1127.053589	1224.024902	0	0
20050905	1189.064941	1196.865967	1184.010986	1196.223999	1192063	29036208	1175.837646	1169.504272	1168.9021	1146.041138	1127.852173	1224.669434	0	0
20050902	1187.062012	1188.912964	1179.109009	1188.848022	1300424	30912884	1167.478394	1165.741699	1166.034912	1141.013672	1128.66272	1225.24353	0	0
20050901	1163.699951	1185.76001	1160.047974	1184.932983	1537201	37886912	1164.080811	1161.875244	1163.029663	1136.262939	1129.505371	1225.866577	0	0
20050831	1145.812988	1163.524048	1140.098999	1162.797974	974446	23585418	1161.589111	1158.185547	1158.912354	1130.786011	1130.349487	1226.428467	0	0
20050830	1151.620972	1153.765015	1145.271973	1146.38501	824695	19966514	1162.456787	1161.189209	1156.157471	1126.061157	1131.632568	1227.144165	0	0
20050829	1171.999023	1172.014038	1147.93396	1154.427979	1034502	28189078	1163.171265	1164.278564	1154.040039	1121.660156	1133.064819	1227.92041	0	0
20050826	1173.01001	1174.536987	1163.990967	1171.859985	1056193	25999968	1164.005127	1167.536377	1150.766113	1116.915894	1134.225952	1228.735596	0	0
20050825	1167.999023	1172.689941	1157.182983	1172.474976	1076000	27205644	1159.670044	1167.141846	1146.324829	1112.057861	1135.191284	1229.488892	0	0
20050824	1151.447998	1171.43396	1151.447998	1167.136963	1058706	30045608	1154.781982	1168.252197	1142.028564	1107.655762	1136.206909	1230.217163	0	0
20050823	1158.828979	1159.630981	1139.239014	1149.957031	995964	26975540	1159.921509	1168.041748	1138.167114	1103.330933	1137.209473	1231.022461	0	1
20050822	1148.972046	1162.040039	1142.677979	1158.597046	1107564	30586568	1165.38562	1168.299438	1134.30957	1099.871094	1138.488159	1231.895386	0	0
20050819	1144.458984	1157.369995	1132.86499	1150.18396	1403282	36460372	1171.067383	1166.327881	1128.649658	1094.967896	1139.716675	1232.800903	0	0
20050818	1194.436035	1201.755005	1146.561035	1148.035034	2350838	65532932	1174.613525	1164.18396	1123.456665	1090.561035	1141.068726	1233.803101	0	0
20050817	1175.176025	1193.567993	1160.082031	1192.833984	1528443	39023496	1181.722412	1159.639404	1117.086304	1086.913208	1142.418213	1234.794434	0	0
20050816	1188.02002	1192.916992	1170.109985	1177.277954	1631036	38349280	1176.162109	1151.125854	1108.497192	1081.603638	1143.390259	1235.584839	0	0
20050815	1167.032959	1187.796997	1163.848022	1187.005981	1548215	38830768	1171.213379	1143.801758	1100.351074	1076.995728	1144.490112	1236.431885	0	0
20050812	1185.265991	1192.04895	1161.786987	1167.915039	1856188	47087276	1161.588623	1133.995972	1091.605713	1072.338013	1145.30249	1237.301758	0	0
20050811	1165.442993	1184.255981	1164.104004	1183.578979	1736843	43196540	1153.754272	1125.507813	1084.515747	1068.593994	1146.061279	1238.095215	0	0
20050810	1153.208984	1165.126953	1144.949951	1165.032959	1391962	36379072	1137.556274	1115.804688	1077.357666	1065.172607	1146.83252	1238.853638	0	0
20050809	1139.121948	1152.939941	1130.584961	1152.534058	1232449	30836892	1126.089478	1108.292236	1070.975586	1063.171387	1147.781372	1239.738403	0	0
20050808	1131.802979	1146.727051	1131.802979	1138.881958	1425896	36295992	1116.390137	1100.31958	1065.656982	1061.706543	1148.752197	1240.757568	0	0
20050805	1102.619995	1129.067993	1102.595947	1128.743042	1307107	35484584	1106.403442	1090.971436	1059.287842	1061.221191	1149.614014	1241.757202	0	0
20050804	1104.910034	1108.162964	1099.134033	1102.588989	830217	25266484	1097.261353	1082.729248	1053.749756	1060.325928	1150.645264	1242.778809	0	0
20050803	1106.317017	1120.678955	1103.904053	1107.698975	1349490	41190688	1094.053101	1074.533569	1050.550171	1060.029663	1151.364868	1243.918945	0	0
20050802	1089.527954	1104.043945	1084.796021	1104.037964	811275	24788136	1090.495239	1065.868896	1046.842529	1059.840698	1152.065796	1245.118042	0	0
20050801	1082.796021	1094.151001	1081.118042	1088.947998	637027	17586408	1084.249023	1056.900635	1043.592773	1059.755615	1152.979614	1246.331543	0	0
20050729	1084.972046	1088.475952	1077.121948	1083.032959	750320	21468600	1075.539429	1049.215454	1041.509155	1060.644775	1154.120728	1247.767822	0	0
20050728	1090.109985	1097.634033	1083.357056	1086.547974	1106374	30300032	1068.197021	1043.523682	1040.137207	1060.730713	1155.445068	1249.227539	0	0
20050727	1072.563965	1090.185059	1068.496948	1089.909058	1053938	29030696	1055.013916	1038.9104	1039.856689	1060.712646	1156.842529	1250.711548	0	0
20050726	1046.536011	1078.05603	1046.536011	1072.807007	1151310	32541660	1041.242432	1033.658936	1040.610962	1060.143677	1158.224609	1252.176392	0	0
20050725	1045.269043	1048.973999	1040.592041	1045.400024	638669	17573900	1029.552002	1030.994385	1042.400146	1060.832275	1159.571899	1253.571289	0	0
20050722	1026.129028	1054.63501	1024.000977	1046.321045	1150805	32653356	1022.891418	1027.604248	1046.346191	1062.861938	1160.896729	1255.004639	1	0
20050721	1020.692993	1022.044006	1009.986023	1020.632019	510344	14906353	1018.85022	1024.770386	1049.124268	1064.927368	1162.328247	1256.417114	0	0
20050720	1013.984009	1025.103027	1008.682007	1021.052002	466288	13627626	1022.807007	1026.566895	1052.77771	1068.608032	1164.035156	1257.92334	0	0
20050719	1011.005005	1020.674988	1004.656982	1014.35498	414330	12041996	1026.075439	1027.816162	1056.826782	1071.759033	1165.665161	1259.561768	0	0
20050718	1023.380005	1023.380005	1008.520996	1012.096985	435476	12263001	1032.436646	1030.285034	1061.183228	1072.31189	1167.592285	1261.26355	0	0
20050715	1039.609009	1046.364014	1021.986023	1026.11499	538376	14754486	1032.317017	1033.803101	1066.359375	1073.054565	1169.627441	1262.96875	0	0
20050714	1035.526978	1049.880981	1033.165039	1040.416016	583080	16554576	1030.690674	1036.750977	1069.334106	1072.63855	1171.551025	1264.66626	0	0
20050713	1044.578003	1045.942993	1033.810059	1037.394043	583546	15710608	1030.326904	1040.803101	1071.613647	1071.826782	1173.359619	1266.282959	0	0
20050712	1007.901001	1048.917969	1004.080994	1046.161011	853045	23203532	1029.557007	1047.562988	1073.385986	1071.886597	1175.151245	1267.898071	0	0
20050711	1026.790039	1043.207031	1009.038025	1011.499023	497400	13948755	1028.133423	1053.805786	1075.751221	1072.372559	1176.806274	1269.477905	0	0
20050708	1036.411987	1036.411987	1015.398987	1017.982971	447836	12306162	1035.289185	1065.087891	1080.490601	1073.994507	1178.705688	1271.028442	0	0
20050707	1033.218018	1044.052979	1030.498047	1038.597046	376510	9822027	1042.811401	1073.477783	1085.005737	1075.126709	1180.655396	1272.591553	0	0
20050706	1040.698975	1044.779053	1028.219971	1033.545044	441950	11407461	1051.279541	1078.988403	1089.628418	1075.802368	1182.356812	1273.977783	0	0
20050705	1043.883057	1047.822998	1032.515015	1039.042969	523671	11755998	1065.56897	1085.837158	1093.730347	1077.088623	1184.298096	1275.44812	0	0
20050704	1050.241943	1050.241943	1030.178955	1047.277954	525677	14592935	1079.478027	1092.081299	1093.325317	1078.248779	1186.25354	1277.003052	0	0
20050701	1077.312988	1077.312988	1053.630981	1055.593994	638137	16941320	1094.886475	1098.915649	1092.680298	1079.034424	1188.145386	1278.576904	0	1
20050630	1103.477051	1103.477051	1078.099976	1080.937988	664507	17020136	1104.144287	1101.917236	1090.582397	1080.490234	1190.006714	1280.157104	0	0
20050629	1111.666992	1113.521973	1103.906006	1104.991943	676842	16478112	1106.697021	1102.424438	1087.338745	1081.241455	1191.667969	1281.567261	0	0
20050628	1120.944946	1120.944946	1105.340942	1108.588013	655721	16718826	1106.105103	1099.20874	1084.048462	1081.17395	1193.168457	1282.856445	0	0
20050627	1108.464966	1129.958984	1108.464966	1124.321045	1086836	27230388	1104.684814	1097.696411	1081.656006	1080.87561	1194.619507	1284.204224	0	0
20050624	1091.989014	1102.22998	1087.692993	1101.881958	523602	13158104	1102.94458	1095.893311	1078.447998	1079.91394	1196.146484	1285.608643	0	0
20050623	1100.55896	1106.749023	1092.478027	1093.702026	573050	14911266	1099.690186	1096.533813	1075.951172	1080.105347	1197.590454	1287.056274	0	0
20050622	1098.958008	1103.249023	1090.744995	1102.032959	610975	15100992	1098.151733	1100.268799	1074.209473	1080.448486	1199.105225	1288.436523	0	0
20050621	1115.665039	1115.665039	1098.904053	1101.485962	760796	19144774	1092.312378	1101.623779	1072.7146	1081.189819	1200.675659	1289.916626	0	0
20050620	1087.848999	1115.862061	1073.410034	1115.619995	1067314	28472658	1090.708008	1094.569214	1071.332642	1082.325562	1202.371704	1291.384033	0	0
20050617	1090.114014	1094.668945	1079.078003	1085.609985	868828	20425842	1088.842041	1086.445068	1069.093872	1082.832764	1204.016846	1292.793823	0	0
20050616	1071.771973	1086.348022	1064.026978	1086.01001	717473	16537317	1093.377319	1079.247681	1069.776855	1085.283936	1205.866577	1294.426636	0	0
20050615	1090.458008	1090.458008	1070.064941	1072.83606	756010	18191268	1102.385742	1072.253052	1070.650146	1088.054199	1207.730347	1296.151245	0	0
20050614	1108.337036	1119.676025	1092.401978	1093.463989	898237	21637110	1110.934937	1068.888062	1072.156616	1090.584961	1209.770996	1298.028076	0	0
20050613	1105.96106	1112.100952	1085.865967	1106.291016	928862	23995556	1098.43042	1065.615479	1072.465332	1092.980591	1211.815552	1299.828369	0	0
20050610	1130.553955	1130.553955	1101.828003	1108.286011	1404338	34298972	1084.047852	1061.002563	1071.924316	1094.703247	1213.650024	1301.671509	0	0
20050609	1118.80603	1146.416992	1103.68103	1131.052002	2034420	50963640	1065.11792	1055.368652	1071.891357	1096.733276	1215.445557	1303.557129	0	0
20050608	1044.178955	1118.69397	1040.157959	1115.582031	1993727	53338600	1042.120239	1048.150146	1070.53833	1098.116821	1217.183838	1305.256348	1	0
20050607	1036.616943	1055.629028	1029.53894	1030.94104	779891	20631146	1026.841187	1043.805542	1070.9729	1100.403931	1219.030518	1306.989014	0	0
20050606	1010.380981	1034.853027	998.2280273	1034.378052	536740	15985145	1032.800537	1048.096191	1076.203857	1106.035767	1221.548462	1309.093994	0	0
20050603	1013.903015	1019.921997	1000.521973	1013.637024	474075	13550990	1037.957397	1051.742798	1081.026611	1111.481079	1224.053101	1311.054077	0	0
20050602	1036.72998	1036.72998	1008.754028	1016.062988	587459	16123371	1045.619263	1060.30603	1088.302002	1118.258545	1226.779297	1313.071777	0	0
20050601	1059.609985	1063.517944	1035.706055	1039.187012	485210	12365833	1054.179932	1069.047241	1095.954834	1125.534302	1229.457397	1315.208862	0	0
20050531	1061.612061	1070.501953	1057.748047	1060.738037	439442	11403835	1060.769897	1075.425049	1101.43335	1132.501343	1232.103516	1317.285645	0	0
20050530	1049.720947	1063.947021	1043.276001	1060.161987	427341	11297207	1063.391846	1079.315308	1106.663086	1137.793701	1234.583496	1319.238892	0	0
20050527	1056.322998	1068.21106	1050.055054	1051.946045	509412	12846774	1065.528076	1082.845947	1111.553467	1143.820801	1237.074829	1321.231323	0	0
20050526	1071.212036	1077.44104	1055.81604	1058.866943	458425	11318004	1074.992798	1088.413818	1117.415771	1150.373291	1239.735718	1323.245361	0	0
20050525	1072.520996	1082.178955	1064.875	1072.136963	463625	11860549	1083.914429	1092.926514	1123.100098	1155.927368	1242.43689	1325.1698	0	0
20050524	1065.998047	1078.098022	1057.536011	1073.847046	528148	14061283	1090.079956	1098.139893	1128.703003	1160.685059	1245.001953	1327.131958	0	0
20050523	1095.307983	1095.307983	1069.435059	1070.843994	450750	12295400	1095.238647	1104.311279	1135.005615	1164.61499	1247.451782	1329.226929	0	0
20050520	1100.490967	1108.609985	1094.668945	1099.269043	465318	11403247	1100.16333	1110.310303	1141.350342	1169.019287	1249.829346	1331.358521	0	0
20050519	1101.753052	1107.227051	1083.11499	1103.474976	525540	12519345	1101.834961	1116.298096	1147.234863	1173.162354	1252.088623	1333.233521	0	0
20050518	1099.73999	1108.843994	1090.29895	1102.964966	519663	12232212	1101.938599	1122.862427	1153.77771	1175.754272	1254.310303	1335.060547	0	0
20050517	1091.258057	1108.177979	1083.942993	1099.640015	547053	13206387	1106.199951	1127.44165	1161.039551	1178.074707	1256.387329	1337.031006	0	0
20050516	1105.396973	1105.396973	1082.136963	1095.468018	521436	12414003	1113.384033	1134.010986	1167.033081	1181.253906	1258.449341	1338.950195	0	0
20050513	1101.605957	1120.168945	1093.281006	1107.626953	675490	16024056	1120.457397	1140.261475	1174.30835	1184.742188	1260.606934	1340.995483	0	0
20050512	1122.177979	1122.916016	1099.839966	1103.993042	675409	15674280	1130.76123	1146.41748	1181.352905	1188.009033	1262.271851	1343.012451	0	0
20050511	1134.594971	1140.171021	1121.866943	1124.270996	583010	13582178	1143.786255	1153.273682	1187.427734	1191.4823	1263.940674	1345.138428	0	0
20050510	1126.817993	1135.797974	1108.420044	1135.561035	706062	17041456	1148.68335	1159.265991	1191.95752	1194.061768	1265.447632	1347.183228	0	0
20050509	1160.619995	1165.390015	1130.411011	1130.834961	584962	14742221	1154.638184	1165.699951	1194.766846	1196.440308	1266.857788	1349.272217	0	0
20050429	1168.331055	1170.198975	1155.984985	1159.145996	756274	16816460	1160.06543	1172.390015	1198.373535	1199.780762	1268.490479	1351.355225	0	0
20050428	1145.745972	1172.709961	1135.733032	1169.118042	933622	21215136	1162.073608	1178.171631	1201.594482	1202.05603	1269.677124	1353.39624	0	0
20050427	1165.098999	1166.197998	1148.137939	1148.756958	729419	16355237	1162.761108	1184.692993	1202.200439	1204.534546	1270.811768	1355.42334	0	0
20050426	1155.644043	1169.14502	1151.636963	1165.334961	742084	16748787	1169.848389	1194.637573	1203.391235	1208.095581	1272.243408	1357.60376	0	0
20050425	1166.342041	1166.342041	1146.41394	1157.970947	720008	17354582	1176.761719	1200.055054	1204.875366	1211.555786	1273.713379	1359.658569	0	0
20050422	1171.027954	1177.88501	1163.401978	1169.187012	749887	16595271	1184.7146	1208.355225	1206.982544	1216.073364	1275.253662	1361.81543	0	0
20050421	1182.204956	1190.541016	1167.994019	1172.55603	731074	16416223	1194.269653	1216.288818	1208.80481	1220.098389	1276.550415	1363.999268	0	0
20050420	1198.956055	1198.956055	1178.640015	1184.192993	615045	13938917	1206.624756	1221.581909	1210.58667	1223.887817	1277.7052	1366.200928	0	1
20050419	1196.281006	1202.491943	1191.230957	1199.901978	620919	12276858	1219.426758	1224.649414	1211.459473	1228.307739	1278.914917	1368.373657	0	0
20050418	1212.391968	1212.391968	1190.984009	1197.734985	646476	13830402	1223.348511	1223.83374	1211.810547	1232.253296	1279.837036	1370.655151	0	0
20050415	1229.680054	1229.680054	1213.203003	1216.962036	808405	17853496	1231.995972	1224.356812	1213.476074	1235.453369	1280.94397	1372.96228	0	0
20050414	1252.206055	1253.598022	1233.237061	1234.332031	883198	18351920	1238.307861	1225.017334	1213.998047	1237.81189	1281.949463	1375.204468	0	0
20050413	1228.973999	1254.31897	1228.973999	1248.203003	1148107	24752144	1236.538818	1219.707642	1214.455078	1239.812134	1282.791626	1377.33313	0	0
20050412	1239.134033	1239.134033	1218.511963	1219.510986	783103	16030076	1229.871826	1212.144775	1214.824463	1241.120361	1283.477661	1379.415039	0	0
20050411	1248.150024	1252.812988	1235.355957	1240.972046	1123790	21966194	1224.318604	1209.695435	1217.305908	1243.917114	1284.422729	1381.56958	0	0
20050408	1225.04895	1249.203003	1218.759033	1248.520996	1035075	21170304	1216.717651	1205.609619	1219.932373	1246.084717	1285.637451	1383.572266	0	0
20050407	1216.728027	1248.062012	1213.650024	1225.487061	1450488	29172176	1211.726807	1201.320801	1222.003296	1248.215576	1286.770142	1385.47522	1	0
20050406	1191.197998	1220.415039	1183.906006	1214.868042	1019903	20359888	1202.876465	1199.591309	1225.040771	1251.031128	1288.334106	1387.452026	0	0
20050405	1200.69104	1209.340942	1189.255005	1191.744995	661597	13850032	1194.417603	1198.269409	1230.136963	1254.184448	1290.067871	1389.528564	0	0
20050404	1212.118042	1218.275024	1196.944946	1202.967041	821371	17222828	1195.072021	1199.787231	1236.463257	1258.102295	1291.774658	1391.70752	0	0
20050401	1180.373047	1237.800049	1173.542969	1223.56604	1131362	26272040	1194.501343	1202.595093	1241.001831	1260.819214	1293.583252	1393.855957	0	0
20050331	1168.828003	1181.531006	1162.031006	1181.235962	557880	13240887	1190.914917	1202.97876	1244.209229	1261.999512	1295.350098	1395.928467	0	0
20050330	1192.447021	1192.447021	1171.811035	1172.573975	656613	17060468	1196.306274	1209.202515	1249.86438	1265.16272	1297.401611	1398.226196	0	0
20050329	1199.69104	1209.229004	1194.588989	1195.017944	543867	12594847	1202.121216	1217.504028	1255.608154	1268.706299	1299.593262	1400.527466	0	0
20050328	1204.849976	1204.849976	1185.456055	1200.113037	504923	10955729	1204.502197	1224.916748	1261.027832	1271.172485	1301.841309	1402.616333	0	0
20050325	1207.203003	1211.160034	1199.869995	1205.634033	536452	13638595	1210.688721	1234.255493	1266.322388	1272.578857	1303.674683	1404.796265	0	0
20050324	1200.256958	1208.608032	1187.581055	1208.192017	683331	13225208	1215.042358	1242.686157	1271.662842	1274.141113	1305.699097	1406.956055	0	0
20050323	1205.755005	1218.010986	1194.322021	1201.649048	802164	15677027	1222.098877	1250.490234	1276.750854	1273.499268	1307.824463	1409.067993	0	0
20050322	1230.682007	1231.676025	1202.427002	1206.921997	832568	16952364	1232.886963	1262.004395	1282.14209	1273.171631	1309.599854	1411.040405	0	0
20050321	1226.142944	1232.817017	1220.823975	1231.046021	593341	11472604	1245.331299	1273.139282	1287.259888	1273.396729	1310.968872	1412.979248	0	0
20050318	1242.453003	1248.034058	1223.61499	1227.402954	757271	15380511	1257.822144	1279.408569	1289.931396	1273.224854	1312.003906	1414.767334	0	0
20050317	1255.984985	1257.793945	1242.512939	1243.474976	796673	14868698	1270.329834	1285.439697	1291.509888	1273.710083	1312.611816	1416.406128	0	0
20050316	1267.052002	1268.187012	1247.892944	1255.588989	857346	16746569	1278.88147	1290.526123	1293.142822	1274.068604	1312.752197	1417.980835	0	0
20050315	1293.131958	1293.259033	1266.636963	1269.144043	999564	19599456	1291.121826	1293.71228	1294.307373	1274.074829	1313.014526	1419.606934	0	0
20050314	1288.984985	1304.112061	1271.510986	1293.5	1224502	22120360	1300.947144	1297.138916	1294.300415	1272.919434	1313.140991	1421.205811	0	0
20050311	1284.512939	1292.529053	1278.152954	1289.94104	920374	17025292	1300.994995	1298.389404	1291.740723	1269.949097	1313.272949	1422.679077	0	1
20050310	1316.900024	1316.900024	1282.527954	1286.233032	1090046	22283552	1300.549561	1300.639771	1289.86853	1267.554688	1313.559326	1424.268433	0	0
20050309	1321.208008	1326.07605	1310.234985	1316.791016	1244956	23269380	1302.170776	1303.011353	1285.003662	1265.528687	1313.853027	1425.882446	0	0
20050308	1298.25	1318.89502	1296.907959	1318.270996	1148185	21855228	1296.302612	1302.279663	1278.755127	1262.190674	1313.939087	1427.315552	0	0
20050307	1288.407959	1296.880005	1287.73999	1293.739014	641214	12321072	1293.330688	1301.380249	1273.525269	1259.769165	1314.019531	1428.661865	0	0
20050304	1294.156006	1299.595947	1286.480957	1287.713989	640405	12677368	1295.783569	1300.454346	1270.132935	1258.521484	1314.250488	1430.076538	0	0
20050303	1285.197021	1295.253052	1276.880005	1294.338989	709943	14283461	1300.729736	1297.579956	1267.844971	1257.494995	1314.703369	1431.654785	0	0
20050302	1303.310059	1316.723022	1285.916016	1287.449951	1101241	21793504	1303.851807	1295.759521	1265.839722	1256.265869	1314.912231	1433.203979	0	0
20050301	1305.249023	1308.758057	1295.641968	1303.411987	819661	16556229	1308.256714	1294.902466	1264.256104	1255.097534	1315.188599	1434.941284	0	0
20050228	1311.438965	1315.136963	1298.927979	1306.003052	1044337	20024188	1309.42981	1291.46167	1260.809326	1253.142212	1315.447021	1436.595581	0	0
20050225	1311.366943	1328.532959	1311.204956	1312.444946	1448260	29964602	1305.125122	1285.092041	1255.728882	1250.923096	1315.728516	1438.240112	0	0
20050224	1307.036011	1310.967041	1296.979004	1309.948975	1178462	25144256	1294.430054	1279.097412	1251.011963	1248.906128	1315.996704	1439.805542	0	0
20050223	1309.624023	1316.588013	1299.145996	1309.474976	1485431	37516656	1287.666992	1266.995728	1246.787354	1246.66687	1316.12561	1441.353027	0	0
20050222	1285.629028	1312.532959	1282.782959	1309.276978	1285151	23754828	1281.547974	1255.230469	1242.14624	1245.234253	1316.394531	1442.74939	0	0
20050221	1259.527954	1284.937012	1259.509033	1284.47998	697597	13208710	1273.493408	1245.670166	1238.963379	1244.048584	1316.654297	1444.167725	0	0
20050218	1275.66394	1278.624023	1258.561035	1258.968994	581837	11168799	1265.058838	1239.811157	1237.554932	1243.709595	1317.268799	1445.740723	0	0
20050217	1280.027954	1280.027954	1263.71106	1276.134033	613956	11758896	1263.765015	1238.110107	1237.452759	1244.375366	1318.112427	1447.468994	0	0
20050216	1276.015015	1291.464966	1270.317993	1278.880005	805141	15495546	1246.324463	1235.920044	1236.519165	1244.513428	1318.765625	1449.178467	0	0
20050204	1238.609009	1274.11499	1235.640015	1269.004028	972263	17888624	1228.912964	1233.609619	1235.195068	1244.718628	1319.512085	1450.779907	0	0
20050203	1253.812988	1269.155029	1236.178955	1242.307007	1095906	21344428	1217.846924	1230.156982	1233.982178	1245.175781	1320.338745	1452.477661	0	0
20050202	1189.501953	1253.159058	1189.501953	1252.5	1048297	20359136	1214.563599	1226.365723	1233.838379	1247.351196	1321.527588	1454.249146	1	0
20050201	1189.500977	1203.06604	1187.26001	1188.93103	494692	9950608	1212.4552	1222.926514	1233.810303	1248.106934	1322.763062	1455.836304	0	0
20050131	1210.755005	1210.755005	1190.172974	1191.822998	470352	9631523	1225.515869	1226.578735	1236.502319	1250.991089	1324.487427	1457.57605	0	1
20050128	1223.727051	1226.303955	1208.857056	1213.672974	422070	8492920	1238.306519	1229.061646	1240.236084	1254.279907	1326.142578	1459.171509	0	0
20050127	1239.578979	1241.136963	1223.876953	1225.890991	498199	9823236	1242.467163	1232.25647	1243.237915	1257.324829	1327.603882	1460.832275	0	0
20050126	1252.371948	1254.232056	1240.130981	1241.958008	537439	9985032	1238.167725	1235.298706	1245.658936	1260.22998	1329.092163	1462.3302	0	0
20050125	1252.354004	1254.865967	1239.16394	1254.234009	646395	12184068	1233.397705	1236.795166	1247.508057	1262.416504	1330.128174	1463.708374	0	0
20050124	1258.024048	1265.948975	1239.800049	1255.776978	983455	18721980	1227.641846	1237.118042	1248.809937	1264.265381	1331.119507	1465.061279	1	0
20050121	1201.932983	1237.909058	1189.21106	1234.475952	905233	17712086	1219.816772	1236.780396	1250.273071	1266.329956	1332.206299	1466.488892	0	0
20050120	1213.368042	1213.959961	1199.166992	1204.394043	541534	10775547	1222.045654	1237.807373	1252.685181	1269.807861	1333.646729	1468.025024	0	0
20050119	1225.074951	1225.074951	1214.63501	1218.108032	470063	9698799	1232.429565	1241.311035	1257.843994	1273.875732	1335.183594	1469.533203	0	0
20050118	1215.776001	1226.042969	1207.052002	1225.453979	532685	10660165	1240.192627	1244.69397	1260.697021	1277.397095	1336.567017	1471.101318	0	0
20050117	1235.573975	1236.396973	1214.064941	1216.651978	546945	10531618	1246.594116	1246.425903	1263.197388	1281.203491	1337.918823	1472.54834	0	1
20050114	1255.870972	1268.855957	1243.873047	1245.619995	530914	10414685	1253.744019	1251.410278	1266.889282	1285.221558	1339.508301	1473.979736	0	0
20050113	1255.718018	1259.499023	1251.015991	1256.313965	503645	9202208	1253.569092	1254.219116	1269.859131	1288.137207	1340.856689	1475.270508	0	0
20050112	1257.170044	1257.192993	1246.421997	1256.922974	382604	7141222	1250.192383	1256.019165	1272.695679	1290.758301	1342.454346	1476.313965	1	0
20050111	1252.71106	1260.870972	1247.834961	1257.462036	439218	8071910	1249.19519	1258.221069	1275.227173	1293.553223	1344.046265	1477.274536	0	0
20050110	1243.57605	1252.723022	1236.088989	1252.401001	414555	7622100	1246.257568	1260.502075	1277.838745	1296.219116	1345.713501	1478.291382	0	0
20050107	1239.322998	1256.312988	1235.508057	1244.745972	506691	9321671	1249.07666	1263.765625	1281.104614	1299.696533	1347.411255	1479.267334	0	0
20050106	1252.493042	1252.734985	1234.235962	1239.430054	441186	8350915	1254.869263	1267.562866	1285.807861	1303.48291	1348.884521	1480.347656	0	0
20050105	1241.682007	1258.579956	1235.745972	1251.937012	495079	9154315	1261.845825	1274.376953	1290.158081	1307.472534	1350.253784	1481.440308	0	0
20050104	1260.781982	1260.781982	1238.178955	1242.774048	445739	8713299	1267.246948	1276.700317	1293.748779	1311.449585	1351.483032	1482.487793	0	0
20041231	1275.385986	1280.827026	1264.485962	1266.495972	475654	9218449	1274.746582	1279.96875	1298.592407	1316.12439	1352.769531	1483.519287	0	0
20041230	1273.154053	1280.571045	1264.151978	1273.708984	507292	9623304	1278.45459	1282.368164	1302.127441	1319.906494	1354.137451	1484.425171	0	0
20041229	1278.687988	1285.54895	1270.886963	1274.312988	480360	9222039	1280.256592	1285.499023	1305.096436	1323.043701	1355.521484	1485.115356	0	0
20041228	1280.93103	1283.630981	1271.910034	1278.942993	437493	8555037	1286.907959	1289.372314	1308.128052	1325.771362	1356.888794	1485.847412	0	0
20041227	1285.410034	1292.312988	1276.72998	1280.271973	421483	7815659	1286.153442	1292.233154	1311.219482	1328.819702	1358.318481	1486.547607	0	0
20041224	1281.317993	1290.656982	1280.380005	1285.036011	431933	7674262	1285.190796	1295.175537	1314.077515	1331.812134	1359.687744	1487.291992	0	0
20041223	1308.57605	1308.588989	1280.718018	1282.718994	495419	8973190	1286.281616	1298.443604	1317.662109	1334.051514	1360.989014	1488.033203	0	0
20041222	1277.182983	1307.725952	1275.062988	1307.569946	742750	14110556	1290.741333	1304.052734	1321.442871	1336.196655	1362.308594	1488.785645	0	0
20041221	1275.087036	1285.704956	1271.030029	1275.170044	377351	7539937	1291.836304	1305.939453	1324.02063	1337.757324	1363.072021	1489.435547	0	0
20041220	1286.06604	1286.06604	1272.145996	1275.458984	466234	8866451	1298.31311	1310.797607	1328.824341	1338.832275	1364.184814	1490.212524	0	0
20041217	1303.939941	1303.939941	1288.237061	1290.48999	428783	8420391	1305.160156	1317.216187	1334.202393	1339.791382	1365.099121	1490.884155	0	0
20041216	1311.026978	1317.616943	1302.484985	1305.017944	515951	10335441	1310.605713	1321.886963	1338.675781	1340.279419	1366.020996	1491.46875	0	0
20041215	1307.339966	1317.81604	1291.85498	1313.045044	660317	12590300	1317.364014	1324.694092	1341.816284	1340.27124	1367.043823	1492.052979	0	0
20041214	1309.06604	1315.894043	1303.149048	1307.552979	471349	8869243	1320.042603	1326.884033	1343.970947	1340.728027	1368.10791	1492.612061	0	0
20041213	1312.60498	1314.400024	1299.803955	1309.694946	489639	9060142	1323.282349	1330.205811	1347.112915	1340.526978	1369.300659	1493.161743	0	0
20041210	1336.628052	1340.36499	1316.642944	1317.717041	632197	11620000	1329.272217	1332.979736	1350.130371	1340.380371	1370.332153	1493.664307	0	0
20041209	1326.744019	1352.454956	1318.468018	1338.810059	839769	16127007	1333.168213	1336.880615	1351.855347	1340.474121	1371.245361	1494.124268	0	0
20041208	1331.276978	1337.869995	1322.051025	1326.437988	496424	9061209	1332.02417	1338.833008	1352.268311	1340.571899	1372.134521	1494.35791	0	0
20041207	1339.817993	1340.879028	1322.817993	1323.751953	599749	10742864	1333.725342	1342.101807	1353.665771	1341.117188	1373.375854	1494.608521	0	0
20041206	1337.807007	1342.831055	1327.383057	1339.644043	636007	11115163	1337.12915	1346.850952	1352.849487	1341.151611	1374.542847	1494.961182	0	0
20041203	1333.009033	1343.71106	1332.855957	1337.197021	824457	14085162	1336.687134	1351.188599	1351.078857	1340.201782	1375.368652	1495.236206	0	0
20041202	1333.572998	1334.057983	1324.552979	1333.089966	776612	13502830	1340.59314	1355.464722	1349.475342	1339.940552	1376.492554	1495.503418	0	0
20041201	1340.916016	1342.546021	1332.967041	1334.94397	584896	10243622	1345.641846	1358.938599	1348.05957	1339.188965	1377.619629	1495.61731	0	0
20041130	1335.998047	1341.482056	1332.287964	1340.770996	554608	10219039	1350.478027	1361.057983	1347.649902	1339.043457	1378.729126	1495.783447	0	1
20041129	1354.574951	1354.574951	1335.608032	1337.43396	620842	11780766	1356.572632	1364.019775	1345.687744	1338.938599	1380.004517	1495.775879	0	0
20041126	1357.536011	1362.494019	1354.795044	1356.727051	618746	11317102	1365.689819	1367.281006	1344.080688	1338.870483	1381.502075	1495.692383	0	0
20041125	1358.407959	1362.159058	1348.406006	1358.333008	782728	14374871	1370.336426	1366.829956	1342.271118	1337.996826	1383.046753	1495.578003	0	0
20041124	1371.322998	1380.765991	1358.452026	1359.125	984333	17432962	1372.235474	1365.703735	1341.441284	1337.150391	1384.589966	1495.468628	0	0
20041123	1383.525024	1383.786987	1368.142944	1371.244019	1017487	18174060	1371.637939	1365.229858	1340.625122	1338.07019	1386.322876	1495.310669	0	0
20041122	1381.578979	1387.342041	1374.406006	1383.02002	1043470	18855876	1371.467041	1358.848267	1338.302002	1338.51001	1388.059814	1495.096924	0	0
20041119	1369.80603	1380.07605	1365.240967	1379.959961	874669	15167136	1368.872314	1350.969116	1334.708618	1339.514771	1389.500366	1494.939087	0	0
20041118	1353.498047	1368.061035	1352.885986	1367.828003	736144	12232058	1363.323608	1343.485962	1332.178467	1340.946899	1390.90686	1494.779663	0	0
20041117	1370.697998	1370.791992	1350.520996	1356.137939	763005	12749822	1359.172119	1337.180786	1329.314209	1341.904541	1392.484619	1494.649292	0	0
20041116	1372.57605	1376.188965	1361.279053	1370.389038	866035	14776740	1358.821655	1334.241821	1328.036499	1344.033691	1393.887085	1494.651855	0	0
20041115	1354.478027	1370.615967	1354.478027	1370.046021	898278	14980887	1346.229492	1327.355713	1326.398071	1346.207031	1395.117432	1494.710815	0	0
20041112	1346.843018	1360.328979	1341.124023	1352.217041	952861	16279324	1333.066162	1320.880249	1324.665283	1348.118652	1396.619995	1494.788818	0	0
20041111	1358.646973	1379.859985	1346.029053	1347.069946	1688510	28580156	1323.648315	1317.712158	1323.580444	1350.896851	1398.337769	1494.836304	0	0
20041110	1310.31897	1360.713013	1302.703979	1354.385986	1417761	24386780	1315.189697	1317.178955	1322.873779	1354.820557	1400.021118	1494.841064	1	0
20041109	1304.370972	1313.151001	1299.942017	1307.428955	430499	7610018	1309.662109	1316.020264	1324.490479	1357.012573	1401.720337	1494.802246	0	0
20041108	1303.521973	1307.619019	1292.909058	1304.229004	443261	7874664	1308.481934	1317.755615	1328.34082	1361.716919	1403.786987	1495.018555	0	0
20041105	1308.654053	1315.94104	1298.707031	1305.128052	629638	10552210	1308.694336	1318.447876	1333.787231	1367.016846	1405.751465	1495.279053	0	0
20041104	1328.11499	1338.264038	1301.363037	1304.776001	879708	14588004	1311.776001	1320.870605	1339.677002	1370.669312	1407.897827	1495.536255	0	0
20041103	1304.574951	1327.5	1301.323975	1326.749023	845657	13934923	1319.168213	1321.44751	1344.266235	1372.883423	1410.337769	1495.844482	0	0
20041102	1303.878052	1306.277954	1290.988037	1301.527954	675182	11549233	1322.378174	1321.830933	1348.929443	1373.832642	1412.64624	1496.084106	0	0
20041101	1317.657959	1323.100952	1304.293945	1305.291016	726162	12590679	1327.029175	1325.439941	1355.632446	1373.793701	1414.867188	1496.470093	0	0
20041029	1316.598999	1337.276001	1304.067017	1320.536011	1127684	18777588	1328.201172	1328.450195	1361.737671	1372.294678	1416.991577	1496.706177	0	0
20041028	1340.814941	1356.630981	1336.75	1341.737061	1231617	20597370	1329.965088	1329.448486	1367.489014	1371.179443	1419.283691	1496.862061	0	0
20041027	1326.916992	1343.029053	1314.866943	1342.79895	1302543	21662050	1323.726563	1328.568604	1373.641235	1369.265259	1421.264771	1496.977417	0	0
20041026	1309.621948	1325.202026	1289.873047	1324.782959	1102425	17882860	1321.283569	1332.960815	1377.508667	1368.149536	1423.464722	1497.068115	0	0
20041025	1337.254028	1346.880981	1308.891968	1311.151001	1187324	18448540	1323.850586	1338.92627	1383.69751	1368.133301	1425.856934	1497.301392	0	0
20041022	1310.854004	1330.560059	1294.041016	1329.35498	1167688	18726338	1328.699219	1349.126587	1391.301025	1368.477173	1428.559814	1497.609497	0	0
20041021	1331.219971	1340.963013	1304.543945	1310.545044	1072088	17102048	1328.931885	1358.484131	1395.568481	1368.402588	1431.110962	1497.890625	0	0
20041020	1337.713989	1337.714966	1311.876953	1330.583984	764365	12399702	1333.4104	1367.085449	1398.601318	1368.981812	1434.004517	1498.264526	0	0
20041019	1339.063965	1361.813965	1334.464966	1337.618042	849754	13779576	1344.637817	1376.028076	1399.833496	1368.677734	1436.679565	1498.418701	0	0
20041018	1332.520996	1341.782959	1316.322998	1335.394043	684257	10658640	1354.001953	1385.824951	1397.970459	1368.825806	1439.444702	1498.555176	0	0
20041015	1328.472046	1340.115967	1312.550049	1330.517944	901806	14361617	1369.553955	1395.025391	1394.216675	1368.292847	1442.281982	1498.682129	0	0
20041014	1386.858032	1387.362061	1331.130981	1332.937988	1174198	18350572	1388.036255	1405.529907	1392.0448	1367.962646	1445.309937	1498.781372	0	0
20041013	1382.355957	1393.651978	1372.062988	1386.720947	984026	14962307	1400.760498	1418.714111	1389.613281	1368.012085	1448.194214	1498.932983	0	0
20041012	1410.609985	1410.609985	1380.692017	1384.438965	1163336	17897218	1407.418213	1422.056885	1385.743896	1366.447388	1450.78125	1498.891113	0	1
20041011	1424.224976	1437.572021	1409.223022	1413.154053	1652034	24349114	1417.648193	1428.468994	1382.736572	1365.120483	1453.537109	1498.93042	0	0
20041008	1395.668945	1423.203979	1373.927979	1422.928955	945208	14713404	1420.49707	1433.475708	1378.1521	1362.195801	1456.118896	1498.838501	0	0
20040930	1418.108032	1420.052002	1391.244995	1396.560059	820562	13552369	1423.023682	1432.653076	1373.361572	1359.48938	1458.655884	1498.672485	0	0
20040929	1436.706055	1438.977051	1417.828979	1420.009033	874138	14036572	1436.667603	1430.117188	1369.929932	1357.619019	1461.770142	1498.651733	0	0
20040928	1430.220947	1438.047974	1416.603027	1435.588989	932332	15027513	1436.695435	1423.638916	1365.002441	1355.559204	1464.724609	1498.533569	0	0
20040927	1452.508057	1466.401978	1419.312988	1427.397949	1300754	21099196	1439.290039	1410.115845	1360.325928	1353.046265	1467.574097	1498.350586	0	0
20040924	1475.090942	1496.213989	1434.310059	1435.562988	2887199	43475628	1446.45459	1393.407593	1354.926514	1350.616821	1470.400024	1498.265381	0	0
20040923	1417.390991	1464.975952	1408.609985	1464.779053	1480784	23744932	1442.282471	1378.559326	1349.178955	1348.379761	1473.175537	1498.113281	0	0
20040922	1444.254028	1451.412964	1414.70105	1420.147949	1965305	32238924	1423.566772	1360.512085	1342.661133	1345.160278	1475.620361	1497.890869	0	0
20040921	1466.203003	1467.542969	1436.51001	1448.562012	2267355	38403420	1410.582275	1349.430664	1338.642944	1343.987427	1478.299194	1497.906006	0	0
20040920	1423.972046	1463.792969	1422.899048	1463.220947	2652660	44940848	1380.941406	1337.003784	1333.446289	1342.394287	1480.596924	1497.804443	0	0
20040917	1373.499023	1415.640015	1368.542969	1414.702026	1898769	33018704	1340.360474	1322.828247	1326.555786	1340.148438	1482.734009	1497.631958	0	0
20040916	1364.25	1377.98999	1354.199951	1371.20105	1356521	24053604	1314.836182	1314.06958	1322.907593	1339.340454	1485.395142	1497.676147	0	0
20040915	1303.287964	1374.036011	1301.375977	1355.225952	1714488	30964442	1297.457397	1309.74231	1321.369995	1339.935059	1488.439087	1497.917358	1	0
20040914	1266.232056	1305.734009	1266.232056	1300.357056	700798	13197995	1288.278809	1306.365967	1321.519409	1341.577759	1491.646118	1498.286255	0	0
20040913	1285.31897	1285.31897	1259.432007	1260.31604	384409	7293314	1293.066162	1310.536255	1324.511475	1343.774536	1495.323975	1498.876343	0	0
20040910	1281.583008	1287.746948	1270.937012	1287.081055	339891	6512137	1305.296021	1316.445435	1329.221313	1347.53772	1499.451904	1499.621094	0	0
20040909	1307.468018	1307.472046	1281.749023	1284.307007	446411	8667538	1313.302979	1319.798584	1333.289917	1350.841797	1503.29187	1500.271973	0	1
20040908	1322.839966	1323.259033	1302.113037	1309.333008	407681	8600495	1322.026978	1324.810181	1337.484375	1354.942505	1506.89978	1500.822754	0	0
20040907	1321.208008	1325.682983	1312.312012	1324.293945	321560	6308506	1324.452881	1327.855225	1341.265869	1357.591675	1510.531128	1501.248169	0	0
20040906	1326.458984	1326.873047	1315.958008	1321.464966	321623	6085462	1328.006348	1329.88855	1345.0896	1359.586304	1514.041504	1501.652466	0	0
20040903	1327.807007	1333.218994	1319.824951	1327.115967	411109	8206269	1327.594971	1330.283325	1348.808838	1361.793091	1517.497681	1502.067505	0	0
20040902	1319.071045	1328.607056	1303.187988	1327.927002	486198	9207819	1326.294312	1331.745483	1351.976074	1364.469116	1520.561279	1502.447754	1	0
20040901	1340.75	1340.770996	1319.862061	1321.462036	367739	6758693	1327.593384	1332.997803	1355.031494	1367.119507	1523.592285	1502.891479	0	0
20040831	1342.302002	1360.754028	1331.761963	1342.062012	694395	12592352	1331.257813	1336.673218	1359.183716	1371.338623	1526.563965	1503.369995	0	0
20040830	1318.317993	1322.232056	1310.024048	1319.406982	343692	6289422	1331.770752	1338.487061	1360.393433	1374.86792	1529.022705	1503.768433	0	0
20040827	1333.307007	1337.72998	1314.599976	1320.614014	406175	7126479	1332.971924	1341.997437	1363.083862	1379.472412	1531.67041	1504.289673	0	0
20040826	1339.615967	1340.947998	1330.223022	1334.421997	351578	6084273	1337.196533	1346.781006	1366.363403	1383.989624	1534.516113	1504.787476	0	0
20040825	1344.462036	1346.967041	1334.291992	1339.784058	383391	6879255	1338.402222	1350.158447	1370.008667	1386.893677	1537.303223	1505.250488	0	0
20040824	1323.791016	1347.151001	1317.55603	1344.625977	548437	10166386	1342.088623	1354.676514	1372.460205	1389.025757	1539.986816	1505.714966	0	0
20040823	1339.932983	1339.936035	1322.979004	1325.412964	396425	6770421	1345.203369	1360.290771	1374.435303	1390.853882	1542.842163	1506.199707	0	0
20040820	1338.307007	1349.474976	1327.769043	1341.738037	498608	8835866	1351.023071	1367.334229	1377.548096	1393.244995	1545.87854	1506.81543	0	0
20040819	1357.230957	1357.267944	1333.479004	1340.449951	513711	8623671	1356.365479	1372.206543	1380.831055	1396.208862	1548.65625	1507.345947	0	0
20040818	1359.870972	1371.234009	1357.026978	1358.215942	514143	7980519	1361.914551	1377.06543	1384.18042	1399.519897	1551.276611	1507.869385	0	0
20040817	1354.381958	1364.409058	1344.812988	1360.199951	474560	7568851	1367.264282	1381.694336	1388.671387	1402.192871	1553.686157	1508.385986	0	0
20040816	1366.515991	1369.865967	1350.838989	1354.510986	471917	8121605	1375.37793	1382.300171	1393.058594	1405.202881	1556.370483	1508.890259	0	1
20040813	1361.984985	1377.81604	1358.314941	1368.449951	537771	8592049	1383.645508	1384.170776	1398.209839	1408.205322	1559.096558	1509.449463	0	0
20040812	1378.793945	1378.793945	1357.078979	1368.196045	517055	8755345	1388.047607	1385.945923	1402.593872	1410.630005	1562.040771	1509.953247	0	0
20040811	1401.020996	1401.250977	1382.244019	1384.963989	483477	7948078	1392.216187	1389.859253	1405.261353	1413.059082	1564.94751	1510.388428	0	0
20040810	1396.623047	1404.722046	1390.942993	1400.769043	453279	7162672	1396.12439	1390.243896	1406.200684	1413.532471	1567.715332	1510.755493	0	0
20040809	1388.083984	1397.589966	1382.942993	1395.848022	508866	8224817	1389.22229	1388.579834	1406.135498	1413.796631	1570.240479	1511.071045	0	0
20040806	1388.072998	1400.953979	1380.314941	1390.46106	591439	9235483	1384.696045	1387.762085	1406.200439	1413.44104	1572.748657	1511.396729	0	0
20040805	1402.374023	1413.082031	1387.546021	1389.03894	682609	11043246	1383.844116	1389.455566	1408.210205	1413.796143	1574.982666	1511.716553	1	0
20040804	1365.665039	1424.552979	1364.009033	1404.505005	1087866	17709084	1387.502563	1391.295532	1410.747314	1415.086426	1577.272827	1512.071045	0	0
20040803	1371.275024	1378.196045	1363.692993	1366.258057	545075	7792463	1384.363647	1395.648682	1412.442017	1416.294189	1579.549927	1512.426758	0	0
20040802	1381.876953	1383.077026	1370.499023	1373.217041	475713	7271499	1387.937744	1403.817017	1416.654053	1419.108276	1582.256104	1512.970337	0	0
20040730	1408.489014	1409.119019	1384.738037	1386.202026	589536	9311762	1390.828369	1412.249023	1420.222778	1421.116455	1585.008667	1513.471436	0	0
20040729	1388.616943	1407.355957	1385.962036	1407.331055	716033	11508945	1395.067017	1419.241699	1422.972046	1422.486328	1587.450439	1513.910156	0	0
20040728	1385.504028	1397.166992	1366.503052	1388.810059	621995	10422291	1395.088379	1420.663086	1424.659058	1423.758667	1589.834473	1514.30957	0	0
20040727	1386.994995	1395.311035	1373.420044	1384.128052	585796	9508097	1406.933838	1422.157471	1425.176636	1426.645386	1592.304077	1514.911621	0	1
20040726	1401.843018	1401.880981	1381.905029	1387.670044	532587	8444411	1419.696411	1423.69104	1426.404785	1429.300415	1594.513672	1515.493164	0	0
20040723	1403.359985	1408.457031	1387.261963	1407.395996	696316	10997608	1433.6698	1424.638672	1426.280273	1431.002319	1596.482056	1516.044189	0	0
20040722	1448.128052	1449.686035	1404.541992	1407.437988	877296	13235339	1443.416626	1426.9646	1425.966064	1433.158325	1598.009766	1516.500488	0	0
20040721	1446.516968	1452.859009	1436.847046	1448.036987	655014	9644045	1446.237793	1430.198975	1426.981934	1435.188599	1599.854858	1516.986084	0	0
20040720	1457.227051	1457.291016	1440.05603	1447.94104	829344	12447570	1437.381348	1429.235107	1426.616577	1435.856323	1601.124756	1517.321777	0	0
20040719	1456.770996	1465.839966	1447.050049	1457.536987	896633	13493061	1427.685303	1429.491089	1426.753662	1437.385376	1602.279419	1517.543213	0	0
20040716	1423.687012	1458.38501	1422.23999	1456.130005	1459478	22935942	1415.607544	1428.196411	1425.550049	1439.372437	1603.403564	1517.76123	0	0
20040715	1404.470947	1422.255981	1399.984009	1421.543945	841170	12771153	1410.512451	1426.702393	1424.108643	1442.237671	1604.70813	1517.942749	0	0
20040714	1399.86499	1408.987061	1378.911987	1403.755005	659324	10506909	1414.160156	1428.654785	1425.306519	1446.303833	1606.349487	1518.265991	0	0
20040713	1395.353027	1403.140991	1389.159058	1399.46106	460043	7358625	1421.088745	1428.195557	1428.889404	1451.747559	1607.830322	1518.668701	0	0
20040712	1426.250977	1426.250977	1393.807007	1397.147949	569331	8930133	1431.296753	1429.118408	1432.105225	1457.75415	1609.585815	1519.06958	0	0
20040709	1439.734985	1451.751953	1429.139038	1430.654053	492666	7418729	1440.785156	1427.921631	1434.18457	1463.046021	1611.1698	1519.419922	0	0
20040708	1436.473022	1440.637939	1426.947998	1439.782959	466615	7158494	1442.892334	1424.967407	1436.255615	1466.981689	1612.36853	1519.641235	0	0
20040707	1448.949951	1448.956055	1434.292969	1438.397949	535767	8110749	1443.149292	1423.764648	1437.683594	1470.894775	1613.439819	1519.870361	0	0
20040706	1445.397949	1466.784058	1445.31604	1450.500977	830823	12579502	1435.302124	1423.997803	1439.167236	1473.762573	1614.096436	1520.178223	0	0
20040705	1440.170044	1444.932007	1429.119995	1444.589966	544217	8398895	1426.939697	1424.015991	1441.332886	1476.01416	1614.484497	1520.384521	0	0
20040702	1441.120972	1447.612061	1428.073975	1441.189941	728987	11068765	1415.057983	1422.903564	1444.960693	1479.539429	1615.043579	1520.655884	0	0
20040701	1398.197998	1445.102051	1396.347046	1441.067993	944735	14580097	1407.042603	1421.514648	1450.005615	1483.444092	1615.503906	1520.936646	1	0
20040630	1408.271973	1415.843994	1394.676025	1399.161987	560383	8709699	1404.379883	1421.958008	1455.12854	1487.044067	1616.118286	1521.290161	0	0
20040629	1384.642944	1409.375977	1376.218018	1408.688965	688006	10654000	1412.693115	1429.583374	1463.523682	1492.348145	1617.063599	1521.848633	0	0
20040628	1396.360962	1397.521973	1380.197021	1385.18103	564844	8313756	1421.092041	1435.092041	1472.072144	1497.23999	1617.939697	1522.429443	0	0
20040625	1426.553955	1434.473022	1399.390991	1401.113037	709502	9854144	1430.749268	1440.447632	1480.608398	1502.399048	1618.901855	1523.11731	0	0
20040624	1438.311035	1447.394043	1426.491943	1427.754028	696515	9506898	1435.986816	1447.543579	1487.988892	1507.785156	1619.667236	1523.751709	0	0
20040623	1450.06897	1450.109009	1428.796997	1440.729004	653790	8713056	1439.536255	1451.602539	1494.460205	1513.445435	1619.821777	1524.307739	0	0
20040622	1434.416016	1456.130005	1430.963013	1450.682983	835297	11141368	1446.473511	1454.33667	1498.645386	1518.880249	1619.959717	1524.793335	0	0
20040621	1421.828003	1434.203979	1414.968994	1433.467041	589277	8221233	1449.092407	1458.64978	1502.01355	1522.792603	1619.987427	1525.253906	0	0
20040618	1442.475952	1442.47998	1411.031006	1427.301025	738953	10520460	1450.146118	1467.017822	1507.857666	1527.017334	1620.261475	1525.675171	0	0
20040617	1475.272949	1478.489014	1443.534058	1445.500977	683078	9847524	1459.100342	1478.496338	1514.408936	1532.627075	1620.619995	1526.08667	0	0
20040616	1465.227051	1491.686035	1452.578003	1475.416016	791629	11787133	1463.668945	1488.298828	1519.587036	1537.091919	1620.830811	1526.460327	0	0
20040615	1436.082031	1469.571045	1433.032959	1463.776978	728482	10726085	1462.199951	1497.463989	1523.730591	1541.471313	1620.785889	1526.783569	0	0
20040614	1471.446045	1471.446045	1431.313965	1438.735962	766448	11295659	1468.207275	1509.052002	1528.313721	1546.407349	1620.832886	1527.224976	0	0
20040611	1471.688965	1499.458984	1469.536011	1472.072021	782867	11086338	1483.889282	1520.769043	1533.374756	1552.966187	1620.871582	1527.718994	0	0
20040610	1465.55603	1478.166992	1456.321045	1468.343994	782503	11337073	1497.891968	1528.434082	1537.90564	1558.413818	1620.576416	1528.136841	0	0
20040609	1492.198975	1497.182007	1464.160034	1468.071045	884188	12367769	1512.928467	1537.317505	1544.366943	1564.728516	1620.432861	1528.568481	0	1
20040608	1514.782959	1519.990967	1488.630005	1493.813965	783085	10754945	1532.727783	1542.954102	1551.151855	1570.845581	1620.30542	1528.968994	0	0
20040607	1538.463013	1538.499023	1508.874023	1517.14502	713652	9975910	1549.896606	1545.377197	1554.864014	1576.699219	1619.898926	1529.200928	0	0
20040604	1541.093018	1549.495972	1534.991943	1542.08606	825470	11746335	1557.648682	1548.697388	1557.017578	1581.990601	1619.217041	1529.405518	0	0
20040603	1566.421021	1566.828003	1540.740967	1543.526978	925682	11785274	1558.975952	1550.321777	1559.692627	1587.049683	1618.30542	1529.515259	0	0
20040602	1580.208984	1580.569946	1562.239014	1567.067017	1176878	14522629	1561.706177	1550.875244	1561.488647	1591.568115	1617.086182	1529.584961	0	0
20040601	1555.562012	1579.819946	1553.118042	1579.657959	1115259	14386479	1553.180054	1549.997192	1563.475342	1595.904297	1615.603149	1529.501099	0	0
20040531	1549.031006	1556.793945	1544.713013	1555.906006	565006	8092426	1540.857422	1547.575439	1565.085327	1600.420288	1614.2052	1529.316406	0	0
20040528	1558.416016	1561.004028	1545.647949	1548.722046	670909	9525948	1539.74585	1545.980713	1569.065063	1605.989746	1612.976196	1529.234863	0	0
20040527	1524.942993	1559.551025	1515.973022	1557.177979	937270	13529193	1541.667358	1547.377319	1573.403931	1611.943848	1611.770142	1529.261719	1	0
20040526	1515.156006	1529.91394	1508.64502	1524.436035	558870	8092712	1540.044067	1551.416626	1578.434326	1619.047241	1610.140259	1529.250854	0	0
20040525	1549.020996	1549.588013	1516.344971	1518.045044	712452	10111280	1546.814209	1559.349854	1584.791382	1627.384277	1608.907471	1529.374268	0	0
20040524	1559.552002	1562.332031	1547.359009	1550.348022	613639	9315735	1554.293701	1564.351196	1592.360229	1636.033203	1607.414307	1529.393921	0	0
20040521	1548.562988	1559.859009	1545.619019	1558.329956	649943	10149540	1552.21582	1565.337891	1598.637085	1643.237793	1605.466187	1529.133667	0	0
20040520	1556.685059	1571.302979	1542.218994	1549.061035	717955	10559510	1553.087402	1569.063721	1605.413696	1650.248169	1603.547485	1529.027832	0	0
20040519	1559.261963	1575.378052	1548.161011	1558.286987	964780	13211805	1562.789185	1572.102295	1611.914429	1657.217651	1601.730591	1528.917236	0	0
20040518	1537.338013	1555.859009	1526.238037	1555.442017	981723	12609869	1571.885376	1576.953613	1618.857788	1663.328979	1599.741699	1528.721558	0	0
20040517	1556.672974	1562.391968	1537.465942	1539.958984	652965	8873141	1574.408813	1582.595337	1626.842529	1668.956787	1597.761353	1528.650513	0	0
20040514	1596.734009	1597.31897	1558.537964	1562.687988	739513	10072769	1578.459961	1592.149414	1635.994019	1674.947388	1596.125122	1528.438965	0	0
20040513	1605.703979	1606.072021	1589.458008	1597.569946	735713	9567335	1585.039795	1599.430664	1644.226929	1680.659302	1594.270142	1528.202759	0	0
20040512	1568.409058	1604.42395	1564.139038	1603.767944	875826	11874966	1581.415283	1605.452148	1652.862549	1685.289551	1592.083862	1527.980347	0	0
20040511	1556.717041	1570.760986	1545.630981	1568.05896	615700	8208074	1582.021729	1610.233154	1661.401611	1689.83252	1590.025757	1527.839966	0	0
20040510	1600.625977	1603.073975	1555.26001	1560.214966	636546	8718337	1590.781982	1620.369385	1671.87439	1695.620361	1588.501221	1527.854614	0	0
20040430	1579.965942	1599.561035	1572.22998	1595.587036	999784	12990051	1605.838867	1631.936401	1682.187866	1702.135986	1587.078979	1528.026123	0	0
20040429	1605.302002	1613.555054	1578.093994	1579.447021	1105896	14230963	1613.821655	1641.763916	1690.840576	1707.212158	1585.149536	1528.098145	0	0
20040428	1606.421021	1615.142944	1589.099976	1606.801025	1023372	13260498	1629.489258	1651.726807	1699.775757	1711.805908	1583.223267	1528.205322	0	0
20040427	1636.437988	1640.694946	1608.811035	1611.859985	1046614	13376478	1638.44458	1660.762085	1706.516846	1716.415771	1581.038696	1528.303955	0	0
20040426	1633.269043	1644.501953	1623.04895	1635.499023	835815	10944211	1649.956787	1671.089844	1712.137695	1720.871948	1578.952271	1528.320923	0	0
20040423	1653.94397	1653.98999	1632.55896	1635.500977	990526	13463929	1658.033936	1679.838623	1716.346436	1724.229126	1576.734131	1528.086426	0	0
20040422	1649.051025	1659.791016	1637.290039	1657.785034	1031260	13383033	1669.706055	1689.023193	1721.273682	1726.203857	1574.51709	1527.749146	0	0
20040421	1669.381958	1675.359985	1645.078003	1651.577026	1234670	15865938	1673.964233	1700.272705	1725.208374	1727.33252	1572.217407	1527.292603	0	0
20040420	1674.363037	1682.050049	1659.946045	1669.421997	1114970	13670255	1683.079834	1712.570068	1729.632446	1728.215576	1570.009766	1526.768677	0	0
20040419	1695.333008	1698.69104	1672.354004	1675.88501	1177938	14759026	1692.2229	1723.379517	1733.24585	1727.138306	1567.748047	1526.151367	0	0
20040416	1678.972046	1694.557007	1656.302002	1693.860962	1460033	19029896	1701.643188	1732.439209	1737.235718	1725.846924	1565.151489	1525.532349	0	0
20040415	1697.244019	1705.016968	1674.911011	1679.07605	1308620	16507157	1708.340454	1739.917725	1739.936279	1724.787964	1562.365112	1524.803833	0	0
20040414	1714.526001	1716.819946	1678.33606	1697.156006	1701010	21530456	1726.581055	1747.824829	1741.845459	1724.447998	1559.794312	1524.172852	0	0
20040413	1724.578003	1734.917969	1710.390991	1715.135986	1687147	20636892	1742.060181	1752.271484	1744.242554	1723.269897	1557.03064	1523.474365	0	0
20040412	1717.203003	1729.621948	1702.400024	1722.985962	1648334	20293368	1754.536133	1753.185547	1745.763062	1722.341431	1554.26355	1522.656128	0	0
20040409	1770.911011	1778.219971	1721.589966	1727.348022	2238875	26828828	1763.235596	1752.854492	1746.424561	1721.233887	1551.473267	1521.731934	0	1
20040408	1774.397949	1778.094971	1765.021973	1770.279053	2084614	24467966	1771.495117	1753.52417	1744.794312	1719.491333	1548.742554	1520.819946	0	0
20040407	1779.427002	1783.006958	1771.130005	1774.552002	2068504	24717080	1769.068604	1750.143921	1740.862671	1715.64502	1545.690186	1519.563843	0	0
20040406	1767.322021	1777.744019	1754.740967	1777.515991	2099652	25421632	1762.482788	1746.694336	1736.038696	1711.406128	1542.312134	1518.315308	0	0
20040405	1771.737061	1774.119995	1753.713013	1766.483032	2188863	26351056	1751.834961	1743.112061	1729.017944	1708.232178	1538.930176	1517.116089	0	0
20040402	1760.467041	1771.671997	1756.652954	1768.64502	1908684	23211072	1742.473267	1742.032471	1722.551025	1705.404541	1535.602417	1515.948853	1	0
20040401	1744.708984	1758.982056	1741.329956	1758.146973	1621046	19312172	1735.553467	1739.955078	1717.223389	1703.841431	1532.158325	1514.732422	0	0
20040331	1726.56897	1745.703003	1724.209961	1741.623047	1433541	17695364	1731.219482	1735.866455	1712.759766	1702.470581	1528.930908	1513.579712	0	0
20040330	1718.782959	1727.177979	1711.66394	1724.276978	1243070	15167516	1730.905884	1736.213867	1708.769165	1701.652832	1525.886353	1512.452881	0	0
20040329	1734.589966	1740.305054	1717.864014	1719.67395	1448273	17799932	1734.389404	1738.340576	1706.919312	1700.96936	1523.135986	1511.432861	0	1
20040326	1737.057983	1741.564941	1720.875977	1734.046997	1473712	17971980	1741.591553	1739.995117	1705.423584	1700.207642	1520.390259	1510.418213	0	0
20040325	1737.488037	1751.812988	1725.984009	1736.477051	1399875	18123060	1744.356689	1736.064819	1702.474609	1697.690796	1517.451782	1509.340576	0	0
20040324	1740.890015	1752.417969	1729.510986	1740.053955	1573006	20233070	1740.513062	1731.581421	1698.395508	1695.269409	1514.575928	1508.2948	0	0
20040323	1755.321045	1755.332031	1731.489014	1741.694946	1608277	20729146	1741.522095	1725.383179	1693.761963	1693.192871	1511.662842	1507.212769	0	0
20040322	1749.708984	1760.07605	1742.371948	1755.685059	1524972	20490808	1742.291748	1714.923584	1690.791992	1691.503174	1508.730713	1506.121582	0	0
20040319	1715.473022	1748.187012	1710.83606	1747.871948	1510248	20193520	1738.398682	1703.069336	1687.090576	1689.764893	1505.817627	1505.071289	0	0
20040318	1746.176025	1755.100952	1714.900024	1717.26001	1790360	23578000	1727.772827	1694.491821	1685.784546	1687.475708	1502.898071	1504.072998	0	0
20040317	1746.73999	1750.713013	1730.265991	1745.098022	1667063	21244536	1722.649414	1689.65332	1685.772461	1686.681152	1500.330444	1503.272705	0	0
20040316	1741.623047	1747.980957	1730.734985	1745.542969	1944711	25148778	1709.244385	1681.324585	1684.372314	1684.683228	1497.654297	1502.389526	0	0
20040315	1696.942017	1738.984009	1696.823975	1736.219971	2202115	29065090	1687.555664	1675.498047	1682.283813	1681.474487	1494.968018	1501.509277	1	0
20040312	1692.869995	1699.249023	1680.452026	1694.743042	1380006	18390716	1667.740479	1670.852173	1680.314087	1677.72998	1492.333496	1500.612061	0	0
20040311	1680.312988	1698.781006	1672.667969	1691.642944	1588619	20650830	1661.210938	1668.884521	1678.503906	1674.262817	1490.091553	1499.887817	0	0
20040310	1639.680054	1678.402954	1639.680054	1678.072998	1340362	18952302	1656.657227	1665.209961	1677.113525	1672.169312	1487.923828	1499.173828	0	0
20040309	1636.206055	1659.646973	1634.709961	1637.098999	1290608	18792044	1653.405029	1662.140869	1677.097656	1669.581177	1486.001831	1498.506592	0	0
20040308	1660.641968	1665.728027	1635.437988	1637.144043	1347086	22766480	1663.440674	1666.660767	1679.792969	1667.894165	1484.424927	1497.885986	0	0
20040305	1671.061035	1675.026001	1660.213013	1662.095947	1344356	18133416	1673.964111	1671.111694	1683.112549	1666.403564	1482.836304	1497.253052	0	0
20040304	1658.634033	1670.156006	1642.625	1668.874023	1482744	19255238	1676.558228	1677.077393	1683.967407	1664.756226	1481.067261	1496.642456	0	0
20040303	1686.963989	1688.935059	1654.563965	1661.812012	1606137	20541768	1673.762939	1681.891357	1685.194946	1663.077881	1479.009888	1496.010132	0	0
20040302	1692.615967	1694.814941	1677.979004	1687.277954	1751324	21959200	1670.876709	1687.419678	1686.362305	1660.399536	1476.958862	1495.348877	0	0
20040301	1676.222046	1690.069946	1661.338989	1689.76001	1721783	21458632	1669.880615	1689.06958	1684.462524	1657.827759	1474.776245	1494.585693	0	0
20040227	1657.261963	1675.322998	1657.03894	1675.067017	1657020	21316240	1668.259399	1689.776123	1681.168579	1654.409424	1472.571655	1493.870605	0	0
20040226	1642.409058	1655.295044	1628.839966	1654.897949	1843490	25085848	1677.596436	1688.123291	1676.951538	1651.057739	1470.464355	1493.187622	0	0
20040225	1684.901978	1700.498047	1642.69104	1647.380981	2036870	26285834	1690.019775	1689.016846	1675.648682	1648.173096	1468.664185	1492.610596	0	0
20040224	1675.63501	1683.042969	1650.177002	1682.296997	2215588	29305680	1703.962646	1692.054443	1673.301025	1643.833252	1466.94519	1491.99231	0	0
20040223	1725.593994	1730.279053	1680.892944	1681.654053	2406182	30566854	1708.258179	1692.925537	1668.510498	1637.658203	1464.939819	1491.183594	0	0
20040220	1715.80603	1722.573975	1702.928955	1721.751953	2023154	26552608	1711.292969	1695.113281	1664.049194	1631.992676	1463.00708	1490.456299	0	0
20040219	1719.30896	1728.021973	1710.704956	1717.015015	2377858	28931694	1698.650146	1690.857422	1658.595459	1624.481812	1460.701538	1489.571899	0	0
20040218	1704.744995	1719.887939	1697.317017	1717.095947	2565528	31098172	1688.013672	1688.498657	1653.670898	1617.740479	1458.478027	1488.688354	0	0
20040217	1701.409058	1710.857056	1693.964966	1703.774048	2608181	31976010	1680.14624	1685.304932	1646.889282	1610.92395	1456.301392	1487.736328	0	0
20040216	1661.452026	1697.26001	1661.444946	1696.827026	1964021	25466728	1677.59314	1679.855713	1642.206787	1604.592407	1454.318359	1486.723633	0	0
20040213	1664.603027	1672.438965	1653.23999	1658.53894	1869452	24025736	1678.933594	1672.560913	1636.72583	1598.052734	1452.505493	1485.778442	0	0
20040212	1679.081055	1693.012939	1660.312988	1663.832031	2189748	29156696	1683.064453	1665.780029	1632.524902	1592.533447	1450.971191	1484.963989	0	1
20040211	1691.608032	1692.901978	1660.009033	1677.759033	2118469	29288748	1688.983643	1662.280518	1627.750977	1585.28186	1449.366577	1484.23938	0	0
20040210	1708.895996	1715.463989	1683.595947	1691.009033	2250808	30284730	1690.463501	1654.547241	1619.722656	1577.93335	1447.779907	1483.443115	0	0
20040209	1679.581055	1703.771973	1679.095947	1703.529053	2160066	28825140	1682.118164	1644.095459	1610.024414	1570.032837	1446.07373	1482.621582	0	0
20040206	1690.55896	1705.907959	1671.395996	1679.192993	2710169	36763884	1666.188477	1632.984985	1600.432373	1562.126587	1444.3302	1481.647217	0	0
20040205	1690.937988	1693.900024	1674.623047	1693.427979	2667650	36343792	1648.495483	1626.333862	1591.294189	1555.165405	1442.790161	1480.797852	0	0
20040204	1652.614014	1685.765015	1652.613037	1685.159058	2692090	36039924	1635.577393	1618.842896	1582.361572	1547.744141	1440.986328	1479.569336	0	0
20040203	1625.287964	1650.235962	1615.812988	1649.281982	2130572	28195284	1618.630615	1608.473633	1573.733643	1540.572754	1439.249512	1478.368164	1	0
20040202	1630.654053	1650.291016	1585.958008	1623.880005	2751910	40309888	1606.072754	1604.557861	1566.960815	1534.577637	1437.835938	1477.360596	0	0
20040130	1631.109985	1634.412964	1589.401001	1590.729004	1927634	26500536	1599.781372	1600.890381	1560.798706	1528.560425	1436.614624	1476.353394	0	1
20040129	1605.246948	1629.177979	1603.313965	1628.837036	1504435	19910392	1604.172241	1599.269775	1555.9104	1523.424927	1435.611694	1475.318726	0	0
20040116	1589.376953	1604.755981	1579.240967	1600.425049	1631878	21985944	1602.108398	1593.221313	1546.782715	1517.501099	1434.351807	1474.14209	0	0
20040115	1591.817993	1601.41394	1582.357056	1586.493042	1467393	20285772	1598.31665	1584.898193	1539.626465	1512.580322	1433.460327	1473.019897	0	0
20040114	1612.916016	1613.152954	1585.906006	1592.422974	1585811	22763200	1603.043213	1575.953247	1533.001709	1507.86499	1432.757324	1471.956421	0	0
20040113	1622.046997	1627.485962	1596.718018	1612.682983	2081869	28434556	1601.99939	1567.880005	1526.697266	1502.627686	1431.974487	1471.017212	0	0
20040112	1579.875	1619.093994	1573.77002	1618.517944	1879696	26156496	1594.367432	1556.254395	1519.581055	1496.628418	1431.001099	1470.031982	0	0
20040109	1612.390015	1618.764038	1579.686035	1581.465942	2537636	35958288	1584.334351	1545.880127	1512.194824	1489.251953	1430.073364	1469.0896	0	0
20040108	1587.45105	1616.57605	1582.880005	1610.125977	2243317	32013226	1571.479736	1538.993408	1506.622437	1482.839844	1429.722168	1468.300537	0	0
20040107	1574.102051	1594.996948	1565.087036	1587.203979	2344557	34482972	1548.863403	1529.363403	1499.587524	1476.232544	1429.050293	1467.546021	0	0
20040106	1568.899048	1589.083008	1557.927002	1574.522949	2443296	36703572	1533.760742	1520.706787	1492.395508	1470.273071	1428.535522	1466.92041	0	0
20040105	1516.796997	1568.814941	1516.697021	1568.353027	2184125	32784964	1518.141602	1512.550781	1485.502563	1464.589233	1428.093262	1466.343018	0	0
20040102	1492.723999	1526.244019	1491.69397	1517.192993	1273381	18978088	1507.426025	1500.343994	1479.640869	1457.695923	1427.763916	1465.781372	0	0
20031231	1513.615967	1516.522949	1491.248047	1497.043945	1175736	21645524	1506.506714	1494.354736	1476.421509	1453.00647	1427.886841	1465.366943	0	0
20031230	1495.668945	1513.728027	1495.390991	1511.69104	1191520	19449152	1509.863037	1490.049927	1473.820801	1447.734131	1427.939087	1465.025879	0	0
20031229	1509.281006	1512.974976	1495.535034	1496.427002	1089581	19363864	1507.65271	1485.514404	1470.001709	1441.229736	1427.941772	1464.643555	0	0
20031226	1513.113037	1516.483032	1504.133057	1514.775024	1249565	19920922	1506.959961	1482.907471	1466.815552	1435.619019	1427.984009	1464.291748	0	0
20031225	1514.928955	1525.29895	1504.251953	1512.597046	1553778	24967400	1493.261963	1478.509155	1460.93811	1429.494873	1427.880493	1463.820068	0	0
20031224	1501.35498	1514.317017	1498.97998	1513.824951	1587284	24159980	1482.202759	1474.251709	1454.763306	1423.062012	1427.8125	1463.30542	0	0
20031223	1497.572021	1507.035034	1487.11499	1500.640015	1779404	28372572	1470.236816	1469.811401	1449.667603	1416.527466	1427.694458	1462.766968	0	0
20031222	1444.172974	1493.535034	1441.584961	1492.963013	1995798	29921378	1463.376221	1464.084106	1445.056396	1411.293213	1427.56189	1462.299805	1	0
20031219	1463.447998	1470.206055	1429.709961	1446.285034	1717374	26339928	1458.855103	1458.454102	1440.608643	1406.197632	1427.503906	1461.931396	0	1
20031218	1450.854004	1458.671021	1445.079956	1457.301025	1057169	15819151	1463.75647	1458.937378	1436.372192	1402.494995	1427.927124	1461.768311	0	0
20031217	1465.605957	1480.432983	1453.880981	1453.994995	1234758	18767608	1466.300781	1458.488159	1432.33252	1399.144775	1428.411011	1461.558472	0	0
20031216	1469.119019	1469.126953	1441.062988	1466.337036	1157260	18618896	1469.386108	1457.591431	1426.576416	1396.848511	1428.811768	1461.400269	0	0
20031215	1471.244019	1474.671021	1465.505005	1470.357056	837426	12980439	1464.791992	1454.489014	1419.087402	1394.289063	1429.195679	1461.17041	0	0
20031212	1469.702026	1472.864014	1459.54895	1470.791992	1091998	16078232	1458.053101	1450.723511	1411.974609	1390.745605	1429.537476	1460.871582	0	0
20031211	1472.38501	1475.376953	1460.192993	1470.022949	1394444	20822420	1454.118408	1443.366943	1404.987549	1386.662598	1430.026489	1460.725342	0	0
20031210	1449.567017	1469.713013	1448.496948	1469.421997	1440425	22148788	1450.675537	1435.274902	1397.466797	1382.48291	1430.599243	1460.515259	0	0
20031209	1435.098999	1443.609985	1429.063965	1443.365967	799793	12432960	1445.796509	1429.523682	1389.885376	1378.885132	1431.303223	1460.152466	0	0
20031208	1452.113037	1459.47998	1435.139038	1436.662964	937839	15664419	1444.186035	1426.028564	1384.897827	1376.41687	1432.251465	1459.86377	0	0
20031205	1454.412964	1456.865967	1440.78894	1451.118042	1080356	17066736	1443.394043	1422.763062	1380.06958	1374.177002	1433.2771	1459.710815	0	0
20031204	1445.400024	1454.322998	1440.819946	1452.80896	1349838	19941112	1432.615479	1413.807129	1374.274048	1371.86731	1434.240601	1459.488403	0	0
20031203	1434.697021	1462.072998	1424.348999	1445.026001	1496253	23547704	1419.874268	1406.17688	1369.473145	1369.662109	1435.151611	1459.239624	0	0
20031202	1437.23999	1444.564941	1430.237061	1435.313965	1349536	21475944	1413.250854	1395.561279	1366.477295	1368.094971	1436.158203	1459.16272	0	0
20031201	1398.706055	1432.821045	1398.706055	1432.703003	1273511	20067916	1407.871094	1383.685913	1364.188965	1365.727905	1437.020264	1459.270142	0	0
20031128	1388.312012	1401.463013	1385.817993	1397.224976	852727	13000531	1402.13208	1373.225952	1360.756348	1363.28772	1437.832764	1459.344604	0	0
20031127	1412.307983	1415.73999	1387.786987	1389.103027	1039163	17304758	1394.998779	1366.608643	1358.310303	1362.399658	1439.013672	1459.610474	0	0
20031126	1407.302002	1413.769043	1398.031982	1411.909058	1154663	17701888	1392.479492	1359.659058	1356.086792	1361.613159	1440.406372	1459.897217	0	0
20031125	1407.755005	1423.582031	1400.899048	1408.415039	1769456	27759952	1377.871704	1350.247314	1353.565796	1360.65271	1441.758057	1460.211548	0	0
20031124	1360.328003	1404.246948	1360.230957	1404.008057	1244635	19893084	1359.500977	1343.767456	1351.611206	1359.978027	1443.039917	1460.521606	0	0
20031121	1379.937012	1394.567993	1359.901978	1361.55896	1329424	21161550	1344.320068	1337.376343	1349.884033	1359.832886	1444.477661	1460.923096	0	0
20031120	1338.604004	1377.118042	1336.140015	1376.505981	1338055	21739636	1338.218384	1334.741089	1350.897461	1361.247925	1446.266724	1461.565796	1	0
20031119	1313.83606	1341.562988	1312.562012	1338.869995	681414	10836908	1326.838867	1332.769409	1351.404785	1361.003418	1447.86377	1462.276733	0	0
20031118	1334.654053	1336.098999	1314.987061	1316.562012	943229	15365952	1322.623169	1337.393555	1354.361938	1362.09729	1449.638184	1463.13147	0	0
20031117	1330.487061	1333.41394	1323.682007	1328.103027	394294	6333989	1328.034058	1344.691772	1356.748779	1363.783813	1451.736206	1464.098145	0	0
20031114	1318.722046	1331.421021	1312.787964	1331.051025	498870	8135280	1330.432861	1348.286865	1358.318604	1364.69165	1453.748047	1464.913086	0	0
20031113	1313.928955	1324.983032	1307.39502	1319.608032	553271	9356413	1331.26355	1350.012085	1360.295166	1366.017944	1455.664063	1465.631958	0	0
20031112	1341.56897	1341.578003	1316.847046	1317.791992	626057	10296481	1338.699951	1352.514526	1362.590088	1367.907471	1457.551392	1466.383667	0	0
20031111	1340.319946	1350.386963	1331.116943	1343.615967	596623	9804735	1352.163696	1356.884033	1365.855225	1370.455322	1459.348877	1467.151245	0	0
20031110	1330.957031	1340.866943	1322.047974	1340.097046	560649	9062250	1361.349487	1359.454956	1368.08313	1372.007324	1460.94812	1467.820435	0	0
20031107	1353.430054	1353.453979	1323.118042	1335.204956	947335	15809007	1366.140991	1362.391724	1371.061035	1373.385376	1462.742676	1468.470825	0	1
20031106	1384.670044	1385.843994	1351.094971	1356.790039	1091617	18254718	1368.760498	1367.054077	1374.501221	1375.25769	1464.569946	1469.211304	0	0
20031105	1389.719971	1396.859985	1375.991943	1385.109985	947161	16205424	1366.329224	1370.040283	1375.120361	1376.380981	1466.224121	1469.930298	0	0
20031104	1363.957031	1412.910034	1363.901001	1389.545044	1606201	27955260	1361.604614	1371.330322	1374.449097	1376.537964	1467.372559	1470.585449	1	0
20031103	1346.480957	1367.33606	1339.958008	1364.055054	699650	13639619	1357.560669	1368.805908	1373.329834	1377.089966	1468.17041	1471.219849	0	0
20031031	1341.504028	1364.662964	1334.784058	1348.302979	665920	10788333	1358.642212	1368.350342	1372.893921	1378.206177	1469.568848	1471.863403	0	0
20031030	1360.017944	1360.067993	1340.291992	1344.633057	604651	9590988	1365.347656	1370.578247	1374.020874	1380.234619	1471.011597	1472.548096	0	1
20031029	1372.345947	1375.910034	1344.422974	1361.487061	946156	14258916	1373.751587	1372.665405	1375.60376	1382.879028	1472.384033	1473.222046	0	0
20031028	1365.998047	1382.597046	1356.488037	1369.324951	685601	11003644	1381.056274	1374.826538	1377.240967	1384.935303	1473.852417	1473.925659	0	0
20031027	1381.83606	1383.597046	1361.19104	1369.463013	583626	8603579	1380.051392	1376.711182	1378.283447	1386.627075	1474.834106	1474.547241	0	0
20031024	1385.897949	1389.875	1376.713989	1381.829956	627022	9427490	1378.05835	1379.730713	1378.882446	1388.502441	1475.951782	1475.196167	0	0
20031023	1398.587036	1407.390015	1384.639038	1386.652954	718451	10879052	1375.808838	1381.948486	1379.359497	1390.159302	1477.286377	1475.765015	0	0
20031022	1366.10498	1403.100952	1363.092041	1398.01001	1037862	16180471	1371.579102	1380.200562	1379.551025	1392.184937	1478.803101	1476.339844	0	0
20031021	1359.51001	1364.60498	1350.208008	1364.301025	473460	7456706	1368.596924	1377.568115	1379.141724	1393.845947	1480.25061	1476.889404	0	0
20031020	1369.71106	1370.487061	1355.552002	1359.498047	379418	5824903	1373.370972	1377.854126	1381.231812	1396.586426	1482.240479	1477.684204	0	0
20031017	1365.312988	1375.656006	1362.415039	1370.582031	392882	5759777	1381.403076	1377.437744	1383.133911	1399.597046	1484.358032	1478.572754	0	0
20031016	1381.459961	1382.531982	1362.979004	1365.505005	450628	6427419	1388.088135	1377.463867	1385.062866	1401.310303	1486.321899	1479.44104	0	0
20031015	1388.244995	1401.536987	1380.807983	1383.098022	483130	7471053	1388.822021	1378.54248	1387.985596	1402.983276	1488.53833	1480.370361	0	0
20031014	1399.843018	1400.746948	1382.480957	1388.171997	459146	7043523	1386.539429	1379.65564	1389.989746	1404.39209	1490.479858	1481.224854	0	0
20031013	1405.328979	1411.880005	1397.692993	1399.657959	617228	9254774	1382.33728	1379.855835	1391.584839	1405.626831	1492.052246	1482.08252	0	0
20031010	1369.004028	1406.001953	1367.109009	1404.008057	866478	13671895	1373.472656	1378.03418	1392.888306	1406.377441	1493.314941	1482.903442	1	0
20031009	1371.68103	1379.98999	1367.650024	1369.17395	372465	6069541	1366.8396	1376.770508	1394.264404	1407.539917	1494.47876	1483.765015	0	0
20031008	1366.20105	1373.081055	1359.496948	1371.685059	304370	4742729	1368.262939	1378.901611	1398.177002	1409.937256	1495.740356	1484.666626	0	0
20030930	1354.647949	1371.072998	1348.222046	1367.161011	456276	6695768	1372.771851	1380.715332	1401.985107	1412.269897	1496.935669	1485.599365	0	0
20030929	1369.437012	1369.477051	1353.244995	1355.334961	381185	5690485	1377.37439	1384.609619	1405.952759	1415.021851	1498.218872	1486.547119	0	0
20030926	1374.602051	1377.870972	1367.745972	1370.843018	369545	5058714	1382.595947	1388.829956	1410.67688	1418.01355	1499.522217	1487.628906	0	0
20030925	1394.494019	1394.737061	1374.791016	1376.291016	383661	5387562	1386.701416	1392.661865	1413.233643	1420.658813	1500.776123	1488.643799	0	0
20030924	1391.404053	1396.944946	1386.787964	1394.229004	462247	6534767	1389.540161	1397.428955	1415.203857	1423.3125	1501.994873	1489.619995	0	0
20030923	1380.848999	1390.350952	1372.854004	1390.17395	468607	6580510	1388.658813	1400.32373	1416.760498	1425.698853	1502.9646	1490.543457	0	0
20030922	1392.896973	1395.06897	1378.322998	1381.442993	393682	5402087	1391.844849	1403.313843	1418.512451	1428.669067	1503.8125	1491.468994	0	0
20030919	1390.839966	1395.603027	1383.717041	1391.369995	424863	6068521	1395.064209	1407.742188	1420.549072	1431.768066	1504.795166	1492.46875	0	0
20030918	1388.092041	1395.20105	1383.400024	1390.484985	451069	6449628	1398.622559	1411.758545	1422.924805	1434.431396	1505.335938	1493.470459	0	0
20030917	1406.248047	1406.366943	1386.781006	1389.822021	464007	6969216	1405.317627	1417.452393	1425.455078	1437.661011	1505.935181	1494.564331	0	0
20030916	1396.753052	1406.723022	1389.485962	1406.104004	523527	7549021	1411.988525	1423.255127	1428.047119	1440.875366	1506.667969	1495.701538	0	0
20030915	1407.807007	1416.07605	1394.269043	1397.540039	554768	7837560	1414.782593	1427.296021	1430.227783	1443.815552	1507.239136	1496.752197	0	1
20030912	1426.339966	1426.80603	1407.952026	1409.161987	778790	10898798	1420.420044	1432.523682	1432.605225	1447.043091	1507.797485	1497.828613	0	0
20030911	1422.900024	1429.555054	1421.821045	1423.959961	374507	4983347	1424.894165	1433.805664	1434.656982	1449.303467	1508.304321	1498.861084	0	0
20030910	1419.519043	1424.774048	1415.723022	1423.177002	427945	5805677	1429.587158	1432.979004	1436.25415	1451.062744	1508.60376	1499.872192	0	0
20030909	1424.692993	1429.71106	1414.881958	1420.073975	495540	6869803	1434.521729	1433.19751	1438.386475	1452.945435	1508.988037	1500.898193	0	0
20030908	1429.463013	1429.560059	1421.140991	1425.727051	497896	6572019	1439.809448	1433.711304	1441.346924	1454.852905	1509.371094	1501.900757	0	0
20030905	1446.937012	1446.974976	1424.167969	1431.532959	692434	8797561	1444.627319	1433.356201	1443.78125	1456.341675	1509.695313	1502.930786	0	0
20030904	1447.765015	1453.428955	1443.383057	1447.425049	605017	7756323	1442.717163	1434.091064	1445.768188	1457.878906	1510.057495	1503.949097	0	0
20030903	1446.277954	1451.224976	1438.692993	1447.849976	648100	7934246	1436.37085	1433.457764	1447.765381	1459.413208	1510.241943	1504.853638	0	0
20030902	1450.505981	1456.552979	1442.009033	1446.511963	830493	9618678	1431.873291	1432.839111	1449.685547	1461.2229	1510.417603	1505.747681	0	0
20030901	1423.353027	1450.041016	1420.123047	1449.81604	758447	9787721	1427.613159	1433.15918	1452.075562	1462.955444	1510.805786	1506.538696	1	0
20030829	1414.41394	1422.350952	1406.68103	1421.983032	469426	6255921	1422.085205	1432.686401	1454.302979	1464.490967	1511.210205	1507.326782	0	0
20030828	1425.734009	1428.345947	1414.879028	1415.692993	410447	5252152	1425.465088	1435.508423	1457.05249	1467.3302	1512.003418	1508.17627	0	0
20030827	1425.14502	1432.349976	1420.354004	1425.362061	364768	5185861	1430.544678	1439.529053	1460.104736	1471.452393	1512.908447	1509.100464	0	0
20030826	1420.854004	1428.412964	1417.832031	1425.212036	399474	5719070	1433.804932	1443.575439	1462.819458	1474.92334	1513.742798	1509.945557	0	0
20030825	1434.212036	1434.212036	1419.262939	1422.176025	457548	6247527	1438.704834	1448.982544	1465.423584	1478.264282	1514.465332	1510.782959	0	0
20030822	1438.786011	1446.276001	1436.901978	1438.883057	427415	5655786	1443.287476	1454.206299	1467.834229	1481.572388	1515.228149	1511.682373	0	0
20030821	1441.776001	1442.858032	1434.312988	1441.089966	450373	6357187	1445.551514	1457.445068	1469.772705	1484.571411	1515.847168	1512.566162	0	0
20030820	1449.495972	1450.470947	1432.753052	1441.66394	433394	6302306	1448.513428	1462.073242	1472.390747	1487.599365	1516.431885	1513.473999	0	0
20030819	1444.659058	1453.446045	1444.22998	1449.712036	378098	5174718	1453.345947	1466.531982	1475.414795	1489.654297	1516.767578	1514.389771	0	0
20030818	1449.667969	1451.666016	1442.480957	1445.088989	385141	5706708	1459.260132	1470.992065	1477.853516	1491.731201	1517.01062	1515.206909	0	0
20030815	1454.68396	1457.633057	1447.109985	1450.203003	555851	7380295	1465.125	1475.919678	1480.393311	1493.611084	1517.547241	1516.073975	0	0
20030814	1464.380981	1475.021973	1451.608032	1455.899048	607891	7751327	1469.338745	1478.596313	1483.241211	1495.349365	1518.052246	1516.885254	0	0
20030813	1479.668945	1481.11499	1465.060059	1465.827026	388665	5384685	1475.633057	1480.68042	1487.414185	1496.967285	1518.390259	1517.667969	0	1
20030812	1473.987061	1484.584961	1472.387939	1479.282959	341397	4651339	1479.718018	1482.063232	1490.597412	1498.095459	1518.645996	1518.480591	1	0
20030811	1469.261963	1474.723022	1462.723999	1474.412964	368513	5113104	1482.723877	1481.86438	1492.905273	1498.276489	1518.909912	1519.226196	0	1
20030808	1487.166016	1487.407959	1468.437988	1471.271973	564718	7786446	1486.714111	1481.46228	1495.255493	1498.663452	1519.159302	1519.958618	0	0
20030807	1485.740967	1497.102051	1485.062012	1487.369995	463930	6214445	1487.853638	1482.100098	1498.134521	1499.522827	1519.487671	1520.734009	0	0
20030806	1493.026001	1493.389038	1482.685059	1486.251953	450517	6170086	1485.728027	1482.708252	1500.362427	1500.456299	1519.532593	1521.474121	0	0
20030805	1494.485962	1497.008057	1488.967041	1494.312012	471141	6248160	1484.408081	1484.297852	1501.215454	1500.983765	1519.481812	1522.224609	1	0
20030804	1476.823975	1494.416016	1471.890015	1494.36499	622582	8325095	1481.004883	1484.71521	1502.10083	1501.587524	1519.527588	1522.971558	0	0
20030801	1476.469971	1478.359009	1464.978027	1476.968994	521772	6974270	1476.210327	1484.867188	1502.456787	1502.154419	1519.579956	1523.849487	0	0
20030731	1480.012939	1482.598022	1474.140015	1476.741943	447833	6234450	1476.34668	1487.886475	1503.72583	1503.904419	1519.739868	1524.76123	0	0
20030730	1477.41394	1483.067017	1468.822021	1479.651978	486842	7373850	1479.688599	1494.148193	1505.110474	1505.971436	1519.759277	1525.661133	0	0
20030729	1470.391968	1480.583984	1469.932983	1477.296021	436930	6097542	1484.187744	1499.13208	1506.111816	1508.445679	1519.517212	1526.508911	0	0
20030728	1474.735962	1474.743042	1464.865967	1470.392944	494922	7248409	1488.425537	1503.946411	1506.482178	1511.108276	1519.377441	1527.35144	0	0
20030725	1494.578003	1502.639038	1471.286011	1477.651001	926561	15628454	1493.524048	1509.048584	1507.263916	1514.085327	1519.248291	1528.262939	0	0
20030724	1503.057983	1503.380981	1491.198975	1493.45105	536080	7130577	1499.426147	1514.168701	1508.234009	1517.055786	1519.290283	1529.140137	0	0
20030723	1499.307007	1505.312012	1491.66394	1502.147949	586580	7877962	1508.607666	1518.016357	1509.3302	1519.344238	1519.167114	1529.973633	0	0
20030722	1499.892944	1510.307983	1485.463989	1498.484985	761762	10213118	1514.076294	1518.132935	1509.326538	1521.467285	1519.029419	1530.88501	0	1
20030721	1501.390015	1504.708008	1483.572998	1495.88501	834561	12215026	1519.467041	1519.486328	1510.023682	1522.809937	1518.70813	1531.822754	0	0
20030718	1539.04895	1539.061035	1506.487061	1507.161987	969750	13638492	1524.572754	1520.046265	1510.797852	1523.953979	1518.466064	1532.728149	0	0
20030717	1529.972046	1540.19397	1529.355957	1539.358032	1098732	15231598	1528.911255	1519.565063	1511.91333	1525.012817	1517.458984	1533.55188	0	0
20030716	1525.499023	1529.817017	1520.411987	1529.490967	626499	9458006	1527.425049	1516.072754	1511.883057	1525.575806	1516.171509	1534.318359	0	0
20030715	1521.563965	1531.004028	1516.892944	1525.438965	641829	8770402	1522.189575	1513.091797	1513.102417	1527.06311	1515.070679	1535.100098	0	0
20030714	1528.392944	1529.328979	1519.119019	1521.41394	559981	6951944	1519.505615	1509.018311	1514.689209	1528.289795	1513.792603	1535.853271	0	0
20030711	1532.640991	1535.974976	1523.244019	1528.854004	796634	9795392	1515.519653	1505.479492	1516.60376	1530.126953	1512.214722	1536.698608	0	0
20030710	1503.509033	1532.192017	1501.708984	1531.927002	1116533	15221355	1510.218506	1502.299316	1518.499268	1531.707153	1510.596436	1537.477417	1	0
20030709	1512.338013	1513.276978	1499.337036	1503.313965	473468	6284421	1504.720459	1500.644165	1520.008179	1532.914673	1508.829468	1538.201294	0	0
20030708	1501.620972	1513.553955	1500.97998	1512.019043	552481	7483614	1503.994019	1500.520264	1523.134521	1534.531372	1507.307129	1539.014282	0	0
20030707	1500.850952	1503.810059	1490.967041	1501.484009	526586	7110301	1498.531006	1500.561279	1524.47168	1536.408813	1506.020874	1539.79541	0	0
20030704	1504.597046	1510.171997	1497.462036	1502.348999	559396	7297747	1495.439087	1501.549561	1525.908081	1538.676392	1504.894775	1540.040527	0	0
20030703	1501.902954	1507.706055	1497.741943	1504.436035	595547	7366239	1494.380127	1504.261475	1527.736694	1540.630127	1503.900024	1540.095581	0	0
20030702	1485.444946	1499.970947	1477.873047	1499.682007	569940	7941319	1496.567871	1507.693359	1530.327393	1542.019165	1502.897705	1540.108643	0	0
20030701	1485.520996	1502.571045	1482.819946	1484.703979	557758	8359718	1497.046753	1513.112915	1534.04895	1543.145874	1502.246216	1540.206177	0	0
20030630	1493.689941	1500.968994	1483.686035	1486.024048	518038	11418299	1502.591675	1520.360107	1537.925537	1544.8396	1501.797241	1540.252197	0	0
20030627	1516.813965	1516.865967	1494.444946	1497.053955	660317	10259070	1507.659912	1527.728027	1542.450806	1547.153687	1501.332031	1540.285156	0	0
20030626	1500.343018	1517.208008	1486.081055	1515.375	808982	12574491	1514.143188	1534.699341	1546.411133	1549.066895	1500.756104	1540.34375	0	0
20030625	1512.487061	1515.922974	1498.958008	1502.077026	572219	9119553	1518.81897	1539.372314	1549.050049	1550.397339	1499.907959	1540.38147	0	0
20030624	1509.107056	1515.843018	1504.723999	1512.428955	524083	7554534	1529.178955	1545.748657	1551.536865	1551.092163	1499.155029	1540.49707	0	0
20030623	1524.577026	1524.909058	1509.43396	1511.36499	593359	9121909	1538.128296	1548.38208	1554.332397	1550.187988	1498.352173	1540.516479	0	0
20030620	1537.498047	1542.416992	1528.301025	1529.469971	571771	9253284	1547.796143	1550.266846	1557.239868	1550.871704	1497.495239	1540.588989	0	0
20030619	1554.015991	1557.375977	1530.375977	1538.754028	806216	14504295	1555.255371	1551.211914	1558.814087	1550.604004	1496.390381	1540.556274	0	0
20030618	1556.894043	1565.916992	1552.828979	1553.876953	733273	13207890	1559.925781	1552.961426	1559.181885	1549.622681	1495.099976	1540.24939	0	0
20030617	1559.121948	1564.944946	1552.43396	1557.175049	645990	9952659	1562.318359	1554.984863	1558.162354	1549.083252	1493.644287	1539.99585	0	0
20030616	1568.187988	1569.546997	1555.371948	1559.704956	688106	9221961	1558.635864	1555.490967	1557.079468	1546.748779	1492.199707	1539.700439	0	0
20030613	1562.609009	1572.412964	1560.301025	1566.765991	771093	11378882	1552.737793	1557.173218	1556.866455	1544.878418	1490.876221	1539.524536	0	0
20030612	1566.921021	1569.125977	1556.529053	1562.105957	683958	9547458	1547.168579	1558.122803	1556.250854	1544.051514	1489.532471	1539.351318	0	0
20030611	1540.715942	1566.901978	1540.703979	1565.839966	941419	15511866	1545.99707	1558.727783	1555.909912	1544.271118	1488.222168	1539.202271	0	0
20030610	1529.532959	1541.385986	1529.515015	1538.761963	586989	8163291	1547.651367	1557.324951	1553.76416	1544.466919	1486.960571	1539.172852	0	0
20030609	1536.272949	1548.140991	1527.834961	1530.214966	779698	11346522	1552.346436	1560.282837	1551.091309	1546.61084	1485.878052	1539.238037	0	0
20030606	1553.194946	1557.762939	1538.097046	1538.920044	921123	13874500	1561.609009	1564.212646	1551.174072	1549.390381	1484.756714	1539.314941	0	1
20030605	1575.307983	1575.63501	1555.448975	1556.249023	946643	13022067	1569.077271	1566.416138	1550.300171	1551.634399	1483.884033	1539.445801	0	0
20030604	1560.666992	1574.767944	1546.620972	1574.110962	1149187	15927705	1571.458496	1565.402588	1547.953369	1554.141724	1482.727905	1539.478882	0	0
20030603	1577.078003	1582.411987	1561.082031	1562.237061	998281	12665087	1566.998657	1561.339722	1546.132324	1555.540405	1481.099854	1539.53479	0	0
20030602	1577.987061	1578.868042	1564.610962	1576.527954	1055149	13112817	1568.219238	1558.667969	1542.377808	1556.02771	1479.507813	1539.452026	0	0
20030530	1570.920044	1581.612061	1567.280029	1576.260986	1453456	18321276	1566.816162	1556.559814	1538.730957	1555.182983	1478.023682	1539.415771	0	0
20030529	1549.052002	1568.541992	1543.340942	1568.156006	1337171	16911020	1563.754883	1554.378906	1537.015869	1554.096558	1476.517334	1539.308838	0	0
20030528	1569.328003	1576.624023	1549.062012	1551.811035	1243488	17345720	1559.346436	1553.091797	1537.042603	1552.509766	1475.037842	1539.42981	0	0
20030527	1572.307983	1575.625977	1558.125977	1568.340942	1203087	15966476	1555.680908	1550.203247	1538.037842	1551.287109	1473.988037	1539.687378	0	0
20030526	1563.204956	1574.385986	1561.040039	1569.511963	1249319	17357024	1549.116577	1541.899902	1539.774658	1549.713379	1473.103271	1539.90979	0	0
20030523	1547.155029	1571.688965	1547.088989	1560.954956	1552383	20813340	1546.303711	1538.135498	1541.979126	1547.787354	1472.118042	1540.184448	1	0
20030522	1532.185059	1546.392944	1522.187012	1546.113037	824179	10989875	1545.00293	1534.184326	1544.243408	1546.466309	1471.307739	1540.542847	0	0
20030521	1534.600952	1547.313965	1530.046021	1533.483032	770570	10444032	1546.837402	1530.50415	1548.51123	1545.680786	1470.596558	1540.967773	0	0
20030520	1553.69104	1553.844971	1530.666992	1535.52002	932762	13266616	1544.725708	1530.925049	1552.640747	1544.917358	1470.238037	1541.504883	0	0
20030519	1557.293945	1563.107056	1546.751953	1555.447021	1150947	16507582	1534.682983	1526.087646	1554.707764	1543.4646	1469.824707	1542.026001	0	0
20030516	1555.906982	1560.723999	1543.166992	1554.452026	1384664	18130440	1529.967041	1520.901978	1554.494385	1541.594604	1469.399292	1542.366699	0	0
20030515	1524.499023	1555.557007	1516.425049	1555.285034	1858080	26715504	1523.365479	1519.65271	1553.955444	1538.322021	1469.130493	1542.612671	0	0
20030514	1480.110962	1523.323975	1477.251953	1522.92395	1368612	20254408	1514.171021	1520.993408	1552.21875	1535.22583	1469.121704	1542.835693	0	0
20030513	1533.079956	1534.802979	1481.744995	1485.307007	1785460	25529592	1517.124268	1525.872559	1551.829224	1533.720581	1469.368774	1543.242065	0	0
20030512	1522.980957	1536.892944	1511.870972	1531.866943	1323171	17378744	1517.492432	1537.649536	1553.620361	1533.365479	1469.97644	1543.810791	0	0
20030430	1511.154053	1539.572998	1510.600952	1521.44397	1567522	20966324	1511.836914	1545.82312	1552.613281	1531.121338	1469.976318	1544.223877	0	0
20030429	1535.880005	1535.880005	1508.319946	1509.312988	1582624	20674902	1515.940186	1554.302734	1552.607178	1529.405151	1469.887329	1544.650635	0	0
20030428	1483.465942	1538.593994	1473.265991	1537.69104	1948349	26462608	1527.815918	1566.518555	1553.268799	1527.757813	1469.872314	1545.190918	0	0
20030425	1501.56897	1513.332031	1481.067993	1487.146973	1004175	13901837	1534.620605	1574.356689	1551.913208	1525.477173	1469.639038	1545.601196	0	0
20030424	1538.579956	1542.105957	1492.904053	1503.589966	1608760	24854484	1557.806519	1583.327881	1552.152954	1524.773682	1469.837036	1546.25061	0	0
20030423	1568.133057	1569.785034	1540.067017	1541.959961	1280364	17664772	1579.809326	1588.086914	1551.940674	1523.475708	1469.829712	1546.87207	0	1
20030422	1570.573975	1575.796021	1563.588989	1568.692017	1000719	13557199	1592.665283	1588.258301	1547.65625	1521.243896	1469.649292	1547.302368	0	0
20030421	1598.504028	1598.583008	1557.120972	1571.713989	1770024	25098944	1605.220947	1583.444092	1542.341675	1517.939209	1469.381348	1547.738281	0	0
20030418	1616.905029	1620.80603	1596.667969	1603.077026	1979343	27414894	1614.092651	1577.786011	1537.644287	1514.512573	1469.19165	1548.12146	0	0
20030417	1606.233032	1621.229004	1595.626953	1613.604004	2331969	32118990	1608.849365	1569.591187	1531.223389	1510.846558	1468.733521	1548.271851	0	0
20030416	1633.530029	1649.603027	1598.828003	1606.23999	3351875	44806840	1596.364502	1559.403564	1523.770264	1507.004395	1467.994507	1548.355957	0	0
20030415	1619.949951	1632.092041	1606.725952	1631.469971	2797308	38151012	1583.851196	1550.911499	1516.956177	1504.035645	1467.271973	1548.497925	0	0
20030414	1581.380005	1616.654053	1581.203979	1616.072021	3059943	46769752	1561.667358	1540.019165	1508.377197	1500.463623	1466.2854	1548.350098	0	0
20030411	1552.004028	1581.698975	1548.529053	1576.859985	2310780	39418796	1541.47937	1529.469727	1501.037354	1497.44397	1465.629639	1548.217407	0	0
20030410	1546.506958	1559.869019	1541.28894	1551.180054	2527610	43111016	1530.333008	1520.977783	1495.496582	1495.279663	1465.19519	1548.343994	0	0
20030409	1519.984985	1545.33606	1510.343994	1543.67395	1883122	31762640	1522.442749	1515.794556	1491.170044	1494.030518	1465.032715	1548.554932	0	0
20030408	1515.64502	1523.947021	1513.234985	1520.551025	1140537	16253783	1517.971924	1507.054321	1487.736816	1493.013794	1464.869263	1548.98291	0	0
20030407	1521.897949	1530.370972	1512.5	1515.131958	979348	13549294	1518.37085	1501.239258	1485.186768	1492.704712	1464.951416	1549.517456	0	0
20030404	1510.222046	1521.782959	1509.609985	1521.128052	772295	10240916	1517.460205	1497.502686	1482.875977	1491.598022	1465.119995	1550.054932	0	0
20030403	1521.355957	1522.671021	1510.511963	1511.729004	724444	9479199	1511.622803	1492.855469	1481.474365	1490.189453	1465.469116	1550.671509	0	0
20030402	1522.490967	1525.769043	1516.787964	1521.319946	788366	11090215	1509.146362	1488.136597	1480.804932	1490.114624	1466.051514	1551.303589	0	0
20030401	1513.000977	1525.234985	1508.843994	1522.546021	1176221	15222782	1496.136597	1483.00061	1480.5979	1489.764038	1466.604248	1551.958374	0	0
20030331	1491.390991	1511.219971	1490.985962	1510.578003	902044	11841571	1484.107422	1476.735229	1480.685791	1488.894775	1467.231689	1552.598267	0	0
20030328	1498.454956	1508.262939	1488.600952	1491.94104	1120442	14660785	1477.545044	1472.604736	1481.430908	1488.42627	1467.949585	1553.217407	1	0
20030327	1455.438965	1507.667969	1447.014038	1499.347046	1109401	15051895	1474.088135	1470.015137	1482.430298	1489.059937	1468.871704	1553.745117	0	0
20030326	1461.321045	1465.425049	1452.890991	1456.270996	500805	6271469	1467.126709	1466.545288	1483.148071	1489.226318	1469.751465	1554.231567	0	0
20030325	1478.052979	1478.405029	1461.754028	1462.400024	503468	6475235	1469.864624	1468.419067	1485.993286	1491.039673	1471.110596	1555.067139	0	0
20030324	1474.590942	1477.973999	1470.435059	1477.765991	448413	6524192	1469.363037	1469.133789	1488.437134	1492.05188	1472.212036	1555.711304	0	0
20030321	1464.18396	1475.80896	1461.915039	1474.656982	504846	7617922	1467.664673	1468.249023	1488.645508	1492.131714	1473.271362	1556.374878	0	0
20030320	1469.662964	1477.253052	1460.79895	1464.540039	574996	7655741	1465.942017	1470.092773	1488.856445	1492.970459	1474.349854	1557.132568	0	0
20030319	1458.582031	1475.843994	1452.592041	1469.959961	572643	7637422	1465.963745	1473.473022	1491.10376	1494.173706	1475.693359	1557.835449	0	0
20030318	1468.985962	1478.994995	1458.979004	1459.891968	525286	7088745	1466.973389	1478.194946	1493.145996	1495.046875	1476.981689	1558.407715	0	0
20030317	1465.144043	1469.532959	1453.368042	1469.274048	518256	7187381	1468.904541	1484.636108	1494.974854	1495.686157	1478.318726	1558.844971	0	0
20030314	1464.991943	1471.499023	1461.350952	1466.043945	427466	5613443	1468.833496	1490.256958	1496.33728	1495.064331	1479.61731	1559.20813	0	0
20030313	1475.036987	1477.858032	1463.329956	1464.649048	472387	6033790	1474.243408	1494.845703	1498.58252	1494.880615	1480.913452	1559.451294	0	0
20030312	1468.746948	1475.286987	1458.5	1475.008057	466501	6403672	1480.982178	1499.751221	1500.567139	1494.555298	1482.302856	1559.602905	0	0
20030311	1467.551025	1473.954956	1463.583984	1469.547974	469594	6336211	1489.416382	1503.567871	1502.350342	1494.811157	1483.692871	1559.801636	0	0
20030310	1492.208984	1496.16394	1467.639038	1468.918945	634102	8947347	1500.367554	1507.740601	1503.510986	1495.115479	1485.312988	1560.076782	0	0
20030307	1495.69397	1502.427979	1489.384033	1493.093018	592444	8335401	1511.680298	1509.042236	1504.073486	1495.672241	1487.022583	1560.325806	0	0
20030306	1516.600952	1517.348022	1494.240967	1498.343018	730429	9982209	1515.447998	1507.620117	1504.409424	1494.566406	1488.486572	1560.474487	0	0
20030305	1524.077026	1524.123047	1508.250977	1517.178955	628559	8142890	1518.520264	1508.734497	1504.52417	1493.516724	1489.888916	1560.507568	0	0
20030304	1527.448975	1529.751953	1517.859009	1524.303955	759624	9198499	1517.719482	1508.096924	1503.473145	1489.154419	1491.140137	1560.500488	0	0
20030303	1511.584961	1525.698975	1511.045044	1525.483032	818541	10236144	1515.113892	1505.313232	1501.211426	1484.506226	1492.410522	1560.346558	0	0
20030228	1512.86499	1514.501953	1501.42395	1511.932007	612004	8360184	1506.404419	1502.417236	1497.468018	1480.236206	1493.695557	1560.317749	0	0
20030227	1514.024048	1524.750977	1508.746948	1513.703979	689960	10416200	1499.792236	1502.319092	1494.898071	1475.573975	1495.018433	1560.315308	0	0
20030226	1513.493042	1515.457031	1506.552979	1513.175049	643483	8486223	1498.948608	1501.382568	1491.957275	1469.519165	1496.43103	1560.203369	0	0
20030225	1481.105957	1511.649048	1481.105957	1511.275024	874618	12912839	1498.474243	1501.132202	1490.432617	1463.569214	1497.872314	1560.11731	0	0
20030224	1476.069946	1488.072021	1474.470947	1481.936035	576903	7947812	1495.512817	1499.281006	1488.802612	1457.189087	1499.224609	1559.                                                                                                                                                                                                                                                                                                                                                                                                                                                                                                                                                                                                                                                                                                                                                                                                                                                                                                                                                                                                                                                                                                                                                                                                                                                                                                                                                                                                                                                                                                                                                                                                                                                                                                                                                                                                                                                                                                                                                                                                                                                                                                                                                                                                                                                                                                                                                                                                                                                                                                                                                                                                                                                                                                                                                                                                                                                                                                                                                                                                                                                                                                                                                                                                                                                                                                                                                                                                                                                                                                                                                                                                                                                                                                                                                                                                                                                                                                                                                                                                                                                                                                                                                                                                                                                                                                                                                                                                                                                                                                                                                                                                                                                                                                                                                                                                                                                                                                                                                                                                                                                                                                                                                                                                                                                                                                                                                                                                                                                                                                                                                                                                                                                                                                                                                                                                                                                                                                                                                                                                                                                                                                                                                                                                                                                                                                                                                                                                                                                                                                                                                                                                                                                                                                                                                                                                                                                                                                                                                                                                                                                                                                                                                                                                                                                                                                                                                                                                                                                                                                                                                                                                                                                                                                                                                                                                                                                                                                                                                                                                                                                                                                                                                                                                                                                                                                                                                                                                                                                                                                                                                                                                                                                                                                                                                                                                                                                                                                                                                                                                                                                                                                                                                                                                                                                                                                                                                                                                                                                                                                                                                                                                                                                                                                                                                                                                                                                                                                                                                                                                                                                                                                                                                                                                                                                                                                                                                                                                                                                                                                                                                                                                                                                                                                                                                                                                                                                                                                                                                                                                                                                                                                                                                                                                                                                                                                                                                                                                                                                                                                                                                                                                                                                                                                                                                                                                                                                                                                                                                                                                                                                                                                                                                                                                                                                                                                                                                                                                                                                                                                                                                                                                                                                                                                                                                                                                                                                                                                                                                                                                                                                                                                                                                                                                                                                                                                                                                                                                                                                                                                                                                                                                                                                                                                                                                                                                                                                                                                                                                                                                                                                                                                                                                                                                                                                                                                                                                                                                                                                                                                                                                                                                                                                                                                                                                                                                                                                                                                                                                                                                                                                                                                                                                                                                                                                                                                                                                                                                                                                                                                                                                                                                                                                                                                                                                                                                                                                                                                                                                                                                                                                                                                                                                                                                                                                                                                                                                                                                                                                                                                                                                                                                                                                                                                                                                                                                                                                                                                                                                                                                                                                                                                                                                                                                                                                                                                                                                                                                                                                                                                                                                                                                                                                                                                                                                                                                                                                                                                                                                                                                                                                                                                                                                                                                                                                                                                                                                                                                                                                                                                                                                                                                                                                                                                                                                                                                                                                                                                                                                                                                                                                                                                                                                                                                                                                                                                                                                                                                                                                                                                                                                                                                                                                                                                                                                                                                                                                                                                                                                                                                                                                                                                                                                                                                                                                                                                                                                                                                                                                                                                                                                                                                                                                                                                                                                                                                                                                                                                                                                                                                                                                                                                                                                                                                                                                                                                                                                                                                                                                                                                                                                                                                                                                                                                                                                                                                                                                                                                                                                                                                                                                                                                                                                                                                                                                                                                                                                                                                                                                                                                                                                                                                                                                                                                                                                                                                                                                                                                                                                                                                                                                                                                                                                                                                                                                                                                                                                                                                                                                                                                                                                                                                                                                                                                                                                                                                                                                                                                                                                                                                                                                                                                                                                                                                                                                                                                                                                                                                                                                                                                                                                                                                                                                                                                                                                                                                                                                                                                                                                                                                                                                                                                                                                                                                                                                                                                                                                                                                                                                                                                                                                                                                                                                                                                                                                                                                                                                                                                                                                                                                                                                                                                                                                                                                                                                                                                                                                                                                                                                                                                                                                                                                                                                                                                                                                                                                                                                                                                                                                                                                                                                                                                                                                                                                                                                                                                                                                                                                                                                                                                                                                                                                                                                                                                                                                                                                                                                                                                                                                                                                                                                                                                                                                                                                                                                                                                                                                                                                                                                                                                                                                                                                                                                                                                                                                                                                                                                                                                                                                                                                                                                                                                                                                                                                                                                                                                                                                                                                                                                                                                                                                                                                                                                                                                                                                                                                                                                                                                                                                                                                                                                                                                                                                                                                                                                                                                                                                                                                                                                                                                                                                                                                                                                                                                                                                                                                                                                                                                                                                                                                                                                                                                                                                                                                                                                                                                                                                                                                                                                                                                                                                                                                                                                                                                                                                                                                                                                                                                                                                                                                                                                                                                                                                                                                                                                                                                                                                                                                                                                                                                                                                                                                                                                                                                                                                                                                                                                                                                                                                                                                                                                                                                                                                                                                                                                                                                                                                                                                                                                                                                                                                                                                                                                                                                                                                                                                                                                                                                                                                                                                                                                                                                                                                                                                                                                                                                                                                                                                                                                                                                                                                                                                                                                                                                                                                                                                                                                                                                                                                                                                                                                                                                                                                                                                                                                                                                                                                                                                                                                                                                                                                                                                                                                                                                                                                                                                                                                                                                                                                                                                                                                                                                                                                                                                                                                                                                                                                                                                                                                                                                                                                                                                                                                                                                                                                                                                                                                                                                                                                                                                                                                                                                                                                                                                                                                                                                                                                                                                                                                                                                                                                                                                                                                                                                                                                                                                                                                                                                                                                                                                                                                                                                                                                                                                                                                                                                                                                                                                                                                                                                                                                                                                                                                                                                                                                                                                                                                                                                                                                                                                                                                                                                                                                                                                                                                                                                                                                                                                                                                                                                                                                                                                                                                                                                                                                                                                                                                                                                                                                                                                                                                                                                                                                                                                                                                                                                                                                                                                                                                                                                                                                                                                                                                                                                                                                                                                                                                                                                                                                                                                                                                                                                                                                                                                                                                                                                                                                                                                                                                                                                                                                                                                                                                                                                                                                                                                                                                                                                                                                                                                                                                                                                                                                                                                                                                                                                                                                                                                                                                                                                                                                                                                                                                                                                                                                                                                                                                                                                                                                                                                                                                                                                                                                                                                                                                                                                                                                                                                                                                                                                                                                                                                                                                                                                                                                                                                                                                                                                                                                                                                                                                                                                                                                                                                                                                                                                                                                                                                                                                                                                                                                                                                                                                                                                                                                                                                                                                                                                                                                                                                                                                                                                                                                                                                                                                                                                                                                                                                                                                                                                                                                                                                                                                                                                                                                                                                                                                                                                                                                                                                                                                                                                                                                                                                                                                                                                                                                                                                                                                                                                                                                                                                                                                                                                                                                                                                                                                                                                                                                                                                                                                                                                                                                                                                                                                                                                                                                                                                                                                                                                                                                                                                                                                                                                                                                                                                                                                                                                                                                                                                                                                                                                                                                                                                                                                                                                                                                                                                                                                                                                                                                                                                                                                                                                                                                                                                                                                                                                                                                                                                                                                                                                                                                                                                                                                                                                                                                                                                                                                                                                                                                                                                                                                                                                                                                                                                                                                                                                                                                                                                                                                                                                                                                                                                                                                                                                                                                                                                                                                                                                                                                                                                                                                                                                                                                                                                                                                                                                                                                                                                                                                                                                                                                                                                                                                                                                                                                                                                                                                                                                                                                                                                                                                                                                                                                                                                                                                                                                                                                                                                                                                                                                                                                                                                                                                                                                                                                                                                                                                                                                                                                                                                                                                                                                                                                                                                                                                                                                                                                                                                                                                                                                                                                                                                                                                                                                                                                                                                                                                                                                                                                                                                                                                                                                                                                                                                                                                                                                                                                                                                                                                                                                                                                                                                                                                                                                                                                                                                                                                                                                                                                                                                                                                                                                                                                                                                                                                                                                                                                                                                                                                                                                                                                                                                                                                                                                                                                                                                                                                                                                                                                                                                                                                                                                                                                                                                                                                                                                                                                                                                                                                                                                                                                                                                                                                                                                                                                                                                                                                                                                                                                                                                                                                                                                                                                                                                                                                                                                                                                                                                                                                                                                                                                                                                                                                                                                                                                                                                                                                                                                                                                                                                                                                                                                                                                                                                                                                                                                                                                                                                                                                                                                                                                                                                                                                                                                                                                                                                                                                                                                                                                                                                                                                                                                                                                                                                                                                                                                                                                                                                                                                                                                                                                                                                                                                                                                                                                                                                                                                                                                                                                                                                                                                                                                                                                                                                                                                                                                                                                                                                                                                                                                                                                                                                                                                                                                                                                                                                                                                                                                                                                                                                                                                                                                                                                                                                                                                                                                                                                                                                                                                                                                                                                                                                                                                                                                                                                                                                                                                                                                                                                                                                                                                                                                                                                                                                                                                                                                                                                                                                                                                                                                                                                                                                                                                                                                                                                                                                                                                                                                                                                                                                                                                                                                                                                                                                                                                                                                                                                                                                                                                                                                                                                                                                                                                                                                                                                                                                                                                                                                                                                                                                                                                                                                                                                                                                                                                                                                                                                                                                                                                                                                                                                                                                                                                                                                                                                                                                                                                                                                                                                                                                                                                                                                                                                                                                                                                                                                                                                                                                                                                                                                                                                                                                                                                                                                                                                                                                                                                                                                                                                                                                                                                                                                                                                                                                                                                                                                                                                                                                                                                                                                                                                                                                                                                                                                                                                                                                                                                                                                                                                                                                                                                                                                                                                                                                                                                                                                                                                                                                                                                                                                                                                                                                                                                                                                                                                                                                                                                                                                                                                                                                                                                                                                                                                                                                                                                                                                                                                                                                                                                                                                                                                                                                                                                                                                                                                                                                                                                                                                                                                                                                                                                                                                                                                                                                                                                                                                                                                                                                                                                                                                                                                                                                                                                                                                                                                                                                                                                                                                                                                                                                                                                                                                                                                                                                                                                                                                                                                                                                                                                                                                                                                                                                                                                                                                                                                                                                                                                                                                                                                                                                                                                                                                                                                                                                                                                                                                                                                                                                                                                                                                                                                                                                                                                                                                                                                                                                                                                                                                                                                                                                                                                                                                                                                                                                                                                                                                                                                                                                                                                                                                                                                                                                                                                                                                                                                                                                                                                                                                                                                                                                                                                                                                                                                                                                                                                                                                                                                                                                                                                                                                                                                                                                                                                                                                                                                                                                                                                                                                                                                                                                                                                                                                                                                                                                                                                                                                                                                                                                                                                                                                                                                                                                                                                                                                                                                                                                                                                                                                                                                                                                                                                                                                                                                                                                                                                                                                                                                                                                                                                                                                                                                                                                                                                                                                                                                                                                                                                                                                                                                                                                                                                                                                                                                                                                                                                                                                                                                                                                                                                                                                                                                                                                                                                                                                                                                                                                                                                                                                                                                                                                                                                                                                                                                                                                                                                                                                                                                                                                                                                                                                                                                                                                                                                                                                                                                                                                                                                                                                                                                                                                                                                                                                                                                                                                                                                                                                                                                                                                                                                                                                                                                                                                                                                                                                                                                                                                                                                                                                                                                                                                                                                                                                                                                                                                                                                                                                                                                                                                                                                                                                                                                                                                                                                                                                                                                                                                                                                                                                                                                                                                                                                                                                                                                                                                                                                                                                                                                                                                                                                                                                                                                                                                                                                                                                                                                                                                                                                                                                                                                                                                                                                                                                                                                                                                                                                                                                                                                                                                                                                                                                                                                                                                                                                                                                                                                                                                                                                                                                                                                                                                                                                                                                                                                                                                                                                                                                                                                                                                                                                                                                                                                                                                                                                                                                                                                                                                                                                                                                                                                                                                                                                                                                                                                                                                                                                                                                                                                                                                                                                                                                                                                                                                                                                                                                                                                                                                                                                                                                                                                                                                                                                                                                                                                                                                                                                                                                                                                                                                                                                                                                                                                                                                                                                                                                                                                                                                                                                                                                                                                                                                                                                                                                                                                                                                                                                                                                                                                                                                                                                                                                                                                                                                                                                                                                                                                                                                                                                                                                                                                                                                                                                                                                                                                                                                                                                                                                                                                                                                                                                                                                                                                                                                                                                                                                                                                                                                                                                                                                                                                                                                                                                                                                                                                                                                                                                                                                                                                                                                                                                                                                                                                                                                                                                                                                                                                                                                                                                                                                                                                                                                                                                                                                                                                                                                                                                                                                                                                                                                                                                                                                                                                                                                                                                                                                                                                                                                                                                                                                                                                                                                                                                                                                                                                                                                                                                                                                                                                                                                                                                                                                                                                                                                                                                                                                                                                                                                                                                                                                                                                                                                                                                                                                                                                                                                                                                                                                                                                                                                                                                                                                                                                                                                                                                                                                                                                                                                                                                                                                                                                                                                                                                                                                                                                                                                                                                                                                                                                                                                                                                                                                                                                                                                                                                                                                                                                                                                                                                                                                                                                                                                                                                                                                                                                                                                                                                                                                                                                                                                                                                                                                                                                                                                                                                                                                                                                                                                                                                                                                                                                                                                                                                                                                                                                                                                                                                                                                                                                                                                                                                                                                                                                                                                                                                                                                                                                                                                                                                                                                                                                                                                                                                                                                                                                                                                                                                                                                                                                                                                                                                                                                                                                                                                                                                                                                                                                                                                                                                                                                                                                                                                                                                                                                                                                                                                                                                                                                                                                                                                                                                                                                                                                                                                                                                                                                                                                                                                                                                                                                                                                                                                                                                                                                                                                                                                                                                                                                                                                                                                                                                                                                                                                                                                                                                                                                                                                                                                                                                                                                                                                                                                                                                                                                                                                                                                                                                                                                                                                                                                                                                                                                                                                                                                                                                                                                                                                                                                                                                                                                                                                                                                                                                                                                                                                                                                                                                                                                                                                                                                                                                                                                                                                                                                                                                                                                                                                                                                                                                                                                                                                                                                                                                                                                                                                                                                                                                                                                                                                                                                                                                                                                                                                                                                                                                                                                                                                                                                                                                                                                                                                                                                                                                                                                                                                                                                                                                                                                                                                                                                                                                                                                                                                                                                                                                                                                                                                                                                                                                                                                                                                                                                                                                                                                                                                                                                                                                                                                                                                                                                                                                                                                                                                                                                                                                                                                                                                                                                                                                                                                                                                                                                                                                                                                                                                                                                                                                                                                                                                                                                                                                                                                                                                                                                                                                                                                                                                                                                                                                                                                                                                                                                                                                                                                                                                                                                                                                                                                                                                                                                                                                                                                                                                                                                                                                                                                                                                                                                                                                                                                                                                                                                                                                                                                                                                                                                                                                                                                                                                                                                                                                                                                                                                                                                                                                                                                                                                                                                                                                                                                                                                                                                                                                                                                                                                                                                                                                                                                                                                                                                                                                                                                                                                                                                                                                                                                                                                                                                                                                                                                                                                                                                                                                                                                                                                                                                                                                                                                                                                                                                                                                                                                                                                                                                                                                                                                                                                                                                                                                                                                                                                                                                                                                                                                                                                                                                                                                                                                                                                                                                                                                                                                                                                                                                                                                                                                                                                                                                                                                                                                                                                                                                                                                                                                                                                                                                                                                                                                                                                                                                                                                                                                                                                                                                                                                                                                                                                                                                                                                                                                                                                                                                                                                                                                                                                                                                                                                                                                                                                                                                                                                                                                                                                                                                                                                                                                                                                                                                                                                                                                                                                                                                                                                                                                                                                                                                                                                                                                                                                                                                                                                                                                                                                                                                                                                                                                                                                                                                                                                                                                                                                                                                                                                                                                                                                                                                                                                                                                                                                                                                                                                                                                                                                                                                                                                                                                                                                                                                                                                                                                                                                                                                                                                                                                                                                                                                                                                                                                                                                                                                                                                                                                                                                                                                                                                                                                                                                                                                                                                                                                                                                                                                                                                                                                                                                                                                                                                                                                                                                                                                                                                                                                                                                                                                                                                                                                                                                                                                                                                                                                                                                                                                                                                                                                                                                                                                                                                                                                                                                                                                                                                                                                                                                                                                                                                                                                                                                                                                                                                                                                                                                                                                                                                                                                                                                                                                                                                                                                                                                                                                                                                                                                                                                                                                                                                                                                                                                                                                                                                                                                                                                                                                                                                                                                                                                                                                                                                                                                                                                                                                                                                                                                                                                                                                                                                                                                                                                                                                                                                                                                                                                                                                                                                                                                                                                                                                                                                                                                                                                                                                                                                                                                                                                                                                                                                                                                                                                                                                                                                                                                                                                                                                                                                                                                                                                                                                                                                                                                                                                                                                                                                                                                                                                                                                                                                                                                                                                                                                                                                                                                                                                                                                                                                                                                                                                                                                                                                                                                                                                                                                                                                                                                                                                                                                                                                                                                                                                                                                                                                                                                                                                                                                                                                                                                                                                                                                                                                                                                                                                                                                                                                                                                                                                                                                                                                                                                                                                                                                                                                                                                                                                                                                                                                                                                                                                                                                                                                                                                                                                                                                                                                                                                                                                                                                                                                                                                                                                                                                                                                                                                                                                                                                                                                                                                                                                                                                                                                                                                                                                                                                                                                                                                                                                                                                                                                                                                                                                                                                                                                                                                                                                                                                                                                                                                                                                                                                                                                                                                                                                                                                                                                                                                                                                                                                                                                                                                                                                                                                                                                                                                                                                                                                                                                                                                                                                                                                                                                                                                                                                                                                                                                                                                                                                                                                                                                                                                                                                                                                                                                                                                                                                                                                                                                                                                                                                                                                                                                                                                                                                                                                                                                                                                                                                                                                                                                                                                                                                                                                                                                                                                                                                                                                                                                                                                                                                                                                                                                                                                                                                                                                                                                                                                                                                                                                                                                                                                                                                                                                                                                                                                                                                                                                                                                                                                                                                                                                                                                                                                                                                                                                                                                                                                                                                                                                                                                                                                                                                                                                                                                                                                                                                                                                                                                                                                                                                                                                                                                                                                                                                                                                                                                                                                                                                                                                                                                                                                                                                                                                                                                                                                                                                                                                                                                                                                                                                                                                                                                                                                                                                                                                                                                                                                                                                                                                                                                                                                                                                                                                                                                                                                                                                                                                                                                                                                                                                                                                                                                                                                                                                                                                                                                                                                                                                                                                                                                                                                                                                                                                                                                                                                                                                                                                                                                                                                                                                                                                                                                                                                                                                                                                                                                                                                                                                                                                                                                                                                                                                                                                                                                                                                                                                                                                                                                                                                                                                                                                                                                                                                                                                                                                                                                                                                                                                                                                                                                                                                                                                                                                                                                                                                                                                                                                                                                                                                                                                                                                                                                                                                                                                                                                                                                                                                                                                                                                                                                                                                                                                                                                                                                                                                                                                                                                                                                                                                                                                                                                                                                                                                                                                                                                                                                                                                                                                                                                                                                                                                                                                                                                                                                                                                                                                                                                                                                                                                                                                                                                                                                                                                                                                                                                                                                                                                                                                                                                                                                                                                                                                                                                                                                                                                                                                                                                                                                                                                                                                                                                                                                                                                                                                                                                                                                                                                                                                                                                                                                                                                                                                                                                                                                                                                                                                                                                                                                                                                                                                                                                                                                                                                                                                                                                                                                                                                                                                                                                                                                                                                                                                                                                                                                                                                                                                                                                                                                                                                                                                                                                                                                                                                                                                                                                                                                                                                                                                                                                                                                                                                                                                                                                                                                                                                                                                                                                                                                                                                                                                                                                                                                                                                                                                                                                                                                                                                                                                                                                                                                                                                                                                                                                                                                                                                                                                                                                                                                                                                                                                                                                                                                                                                                                                                                                                                                                                                                                                                                                                                                                                                                                                                                                                                                                                                                                                                                                                                                                                                                                                                                                                                                                                                                                                                                                                                                                                                                                                                                                                                                                                                                                                                                                                                                                                                                                                                                                                                                                                                                                                                                                                                                                                                                                                                                                                                                                                                                                                                                                                                                                                                                                                                                                                                                                                                                                                                                                                                                                                                                                                                                                                                                                                                                                                                                                                                                                                                                                                                                                                                                                                                                                                                                                                                                                                                                                                                                                                                                                                                                                                                                                                                                                                                                                                                                                                                                                                                                                                                                                                                                                                                                                                                                                                                                                                                                                                                                                                                                                                                                                                                                                                                                                                                                                                                                                                                                                                                                                                                                                                                                                                                                                                                                                                                                                                                                                                                                                                                                                                                                                                                                                                                                                                                                                                                                                                                                                                                                                                                                                                                                                                                                                                                                                                                                                                                                                                                                                                                                                                                                                                                                                                                                                                                                                                                                                                                                                                                                                                                                                                                                                                                                                                                                                                                                                                                                                                                                                                                                                                                                                                                                                                                                                                                                                                                                                                                                                                                                                                                                                                                                                                                                                                                                                                                                                                                                                                                                                                                                                                                                                                                                                                                                                                                                                                                                                                                                                                                                                                                                                                                                                                                                                                                                                                                                                                                                                                                                                                                                                                                                                                                                                                                                                                                                                                                                                                                                                                                                                                                                                                                                                                                                                                                                                                                                                                                                                                                                                                                                                                                                                                                                                                                                                                                                                                                                                                                                                                                                                                                                                                                                                                                                                                                                                                                                                                                                                                                                                                                                                                                                                                                                                                                                                                                                                                                                                                                                                                                                                                                                                                                                                                                                                                                                                                                                                                                                                                                                                                                                                                                                                                                                                                                                                                                                                                                                                                                                                                                                                                                                                                                                                                                                                                                                                                                                                                                                                                                                                                                                                                                                                                                                                                                                                                                                                                                                                                                                                                                                                                                                                                                                                                                                                                                                                                                                                                                                                                                                                                                                                                                                                                                                                                                                                                                                                                                                                                                                                                                                                                                                                                                                                                                                                                                                                                                                                                                                                                                                                                                                                                                                                                                                                                                                                                                                                                                                                                                                                                                                                                                                                                                                                                                                                                                                                                                                                                                                                                                                                                                                                                                                                                                                                                                                                                                                                                                                                                                                                                                                                                                                                                                                                                                                                                                                                                                                                                                                                                                                                                                                                                                                                                                                                                                                                                                                                                                                                                                                                                                                                                                                                                                                                                                                                                                                                                                                                                                                                                                                                                                                                                                                                                                                                                                                                                                                                                                                                                                                                                                                                                                                                                                                                                                                                                                                                                                                                                                                                                                                                                                                                                                                                                                                                                                                                                                                                                                                                                                                                                                                                                                                                                                                                                                                                                                                                                                                                                                                                                                                                                                                                                                                                                                                                                                                                                                                                                                                                                                                                                                                                                                                                                                                                                                                                                                                                                                                                                                                                                                                                                                                                                                                                                                                                                                                                                                                                                                                                                                                                                                                                                                                                                                                                                                                                                                                                                                                                                                                                                                                                                                                                                                                                                                                                                                                                                                                                                                                                                                                                                                                                                                                                                                                                                                                                                                                                                                                                                                                                                                                                                                                                                                                                                                                                                                                                                                                                                                                                                                                                                                                                                                                                                                                                                                                                                                                                                                                                                                                                                                                                                                                                                                                                                                                                                                                                                                                                                                                                                                                                                                                                                                                                                                                                                                                                                                                                                                                                                                                                                                                                                                                                                                                                                                                                                                                                                                                                                                                                                                                                                                                                                                                                                                                                                                                                                                                                                                                                                                                                                                                                                                                                                                                                                                                                                                                                                                                                                                                                                                                                                                                                                                                                                                                                                                                                                                                                                                                                                                                                                                                                                                                                                                                                                                                                                                                                                                                                                                                                                                                                                                                                                                                                                                                                                                                                                                                                                                                                                                                                                                                                                                                                                                                                                                                                                                                                                                                                                                                                                                                                                                                                                                                                                                                                                                                                                                                                                                                                                                                                                                                                                                                                                                                                                                                                                                                                                                                                                                                                                                                                                                                                                                                                                                                                                                                                                                                                                                                                                                                                                                                                                                                                                                                                                                                                                                                                                                                                                                                                                                                                                                                                                                                                                                                                                                                                                                                                                                                                                                                                                                                                                                                                                                                                                                                                                                                                                                                                                                                                                                                                                                                                                                                                                                                                                                                                                                                                                                                                                                                                                                                                                                                                                                                                                                                                                                                                                                                                                                                                                                                                                                                                                                                                                                                                                                                                                                                                                                                                                                                                                                                                                                                                                                                                                                                                                                                                                                                                                                                                                                                                                                                                                                                                                                                                                                                                                                                                                                                                                                                                                                                                                                                                                                                                                                                                                                                                                                                                                                                                                                                                                                                                                                                                                                                                                                                                                                                                                                                                                                                                                                                                                                                                                                                                                                                                                                                                                                                                                                                                                                                                                                                                                                                                                                                                                                                                                                                                                                                                                                                                                                                                                                                                                                                                                                                                                                                                                                                                                                                                                                                                                                                                                                                                                                                                                                                                                                                                                                                                                                                                                                                                                                                                                                                                                                                                                                                                                                                                                                                                                                                                                                                                                                                                                                                                                                                                                                                                                                                                                                                                                                                                                                                                                                                                                                                                                                                                                                                                                                                                                                                                                                                                                                                                                                                                                                                                                                                                                                                                                                                                                                                                                                                                                                                                                                                                                                                                                                                                                                                                                                                                                                                                                                                                                                                                                                                                                                                                                                                                                                                                                                                                                                                                                                                                                                                                                                                                                                                                                                                                                                                                                                                                                                                                                                                                                                                                                                                                                                                                                                                                                                                                                                                                                                                                                                                                                                                                                                                                                                                                                                                                                                                                                                                                                                                                                                                                                                                                                                                                                                                                                                                                                                                                                                                                                                                                                                                                                                                                                                                                                                                                                                                                                                                                                                                                                                                                                                                                                                                                                                                                                                                                                                                                                                                                                                                                                                                                                                                                                                                                                                                                                                                                                                                                                                                                                                                                                                                                                                                                                                                                                                                                                                                                                                                                                                                                                                                                                                                                                                                                                                                                                                                                                                                                                                                                                                                                                                                                                                                                                                                                                                                                                                                                                                                                                                                                                                                                                                                                                                                                                                                                                                                                                                                                                                                                                                                                                                                                                                                                                                                                                                                                                                                                                                                                                                                                                                                                                                                                                                                                                                                                                                                                                                                                                                                                                                                                                                                                                                                                                                                                                                                                                                                                                                                                                                                                                                                                                                                                                                                                                                                                                                                                                                                                                                                                                                                                                                                                                                                                                                                                                                                                                                                                                                                                                                                                                                                                                                                                                                                                                                                                                                                                                                                                                                                                                                                                                                                                                                                                                                                                                                                                                                                                                                                                                                                                                                                                                                                                                                                                                                                                                                                                                                                                                                                                                                                                                                                                                                                                                                                                                                                                                                                                                                                                                                                                                                                                                                                                                                                                                                                                                                                                                                                                                                                                                                                                                                                                                                                                                                                                                                                                                                                                                                                                                                                                                                                                                                                                                                                                                                                                                                                                                                                                                                                                                                                                                                                                                                                                                                                                                                                                                                                                                                                                                                                                                                                                                                                                                                                                                                                                                                                                                                                                                                                                                                                                                                                                                                                                                                                                                                                                                                                                                                                                                                                                                                                                                                                                                                                                                                                                                                                                                                                                                                                                                                                                                                                                                                                                                                                                                                                                                                                                                                                                                                                                                                                                                                                                                                                                                                                                                                                                                                                                                                                                                                                                                                                                                                                                                                                                                                                                                                                                                                                                                                                                                                                                                                                                                                                                                                                                                                                                                                                                                                                                                                                                                                                                                                                                                                                                                                                                                                                                                                                                                                                                                                                                                                                                                                                                                                                                                                                                                                                                                                                                                                                                                                                                                                                                                                                                                                                                                                                                                                                                                                                                                                                                                                                                                                                                                                                                                                                                                                                                                                                                                                                                                                                                                                                                                                                                                                                                                                                                                                                                                                                                                                                                                                                                                                                                                                                                                                                                                                                                                                                                                                                                                                                                                                                                                                                                                                                                                                                                                                                                                                                                                                                                                                                                                                                                                                                                                                                                                                                                                                                                                                                                                                                                                                                                                                                                                                                                                                                                                                                                                                                                                                                                                                                                                                                                                                                                                                                                                                                                                                                                                                                                                                                                                                                                                                                                                                                                                                                                                                                                                                                                                                                                                                                                                                                                                                                                                                                                                                                                                                                                                                                                                                                                                                                                                                                                                                                                                                                                                                                                                                                                                                                                                                                                                                                                                                                                                                                                                                                                                                                                                                                                                                                                                                                                                                                                                                                                                                                                                                                                                                                                                                                                                                                                                                                                                                                                                                                                                                                                                                                                                                                                                                                                                                                                                                                                                                                                                                                                                                                                                                                                                                                                                                                                                                                                                                                                                                                                                                                                                                                                                                                                                                                                                                                                                                                                                                                                                                                                                                                                                                                                                                                                                                                                                                                                                                                                                                                                                                                                                                                                                                                                                                                                                                                                                                                                                                                                                                                                                                                                                                                                                                                                                                                                                                                                                                                                                                                                                                                                                                                                                                                                                                                                                                                                                                                                                                                                                                                                                                                                                                                                                                                                                                                                                                                                                                                                                                                                                                                                                                                                                                                                                                                                                                                                                                                                                                                                                                                                                                                                                                                                                                                                                                                                                                                                                                                                                                                                                                                                                                                                                                                                                                                                                                                                                                                                                                                                                                                                                                                                                                                                                                                                                                                                                                                                                                                                                                                                                                                                                                                                                                                                                                                                                                                                                                                                                                                                                                                                                                                                                                                                                                                                                                                                                                                                                                                                                                                                                                                                                                                                                                                                                                                                                                                                                                                                                                                                                                                                                                                                                                                                                                                                                                                                                                                                                                                                                                                                                                                                                                                                                                                                                                                                                                                                                                                                                                                                                                                                                                                                                                                                                                                                                                                                                                                                                                                                                                                                                                                                                                                                                                                                                                                                                                                                                                                                                                                                                                                                                                                                                                                                                                                                                                                                                                                                                                                                                                                                                                                                                                                                                                                                                                                                                                                                                                                                                                                                                                                                                                                                                                                                                                                                                                                                                                                                                                                                                                                                                                                                                                                                                                                                                                                                                                                                                                                                                                                                                                                                                                                                                                                                                                                                                                                                                                                                                                                                                                                                                                                                                                                                                                                                                                                                                                                                                                                                                                                                                                                                                                                                                                                                                                                                                                                                                                                                                                                                                                                                                                                                                                                                                                                                                                                                                                                                                                                                                                                                                                                                                                                                                                                                                                                                                                                                                                                                                                                                                                                                                                                                                                                                                                                                                                                                                                                                                                                                                                                                                                                                                                                                                                                                                                                                                                                                                                                                                                                                                                                                                                                                                                                                                                                                                                                                                                                                                                                                                                                                                                                                                                                                                                                                                                                                                                                                                                                                                                                                                                                                                                                                                                                                                                                                                                                                                                                                                                                                                                                                                                                                                                                                                                                                                                                                                                                                                                                                                                                                                                                                                                                                                                                                                                                                                                                                                                                                                                                                                                                                                                                                                                                                                                                                                                                                                                                                                                                                                                                                                                                                                                                                                                                                                                                                                                                                                                                                                                                                                                                                                                                                                                                                                                                                                                                                                                                                                                                                                                                                                                                                                                                                                                                                                                                                                                                                                                                                                                                                                                                                                                                                                                                                                                                                                                                                                                                                                                                                                                                                                                                                                                                                                                                                                                                                                                                                                                                                                                                                                                                                                                                                                                                                                                                                                                                                                                                                                                                                                                                                                                                                                                                                                                                                                                                                                                                                                                                                                                                                                                                                                                                                                                                                                                                                                                                                                                                                                                                                                                                                                                                                                                                                                                                                                                                                                                                                                                                                                                                                                                                                                                                                                                                                                                                                                                                                                                                                                                                                                                                                                                                                                                                                                                                                                                                                                                                                                                                                                                                                                                                                                                                                                                                                                                                                                                                                                                                                                                                                                                                                                                                                                                                                                                                                                                                                                                                                                                                                                                                                                                                                                                                                                                                                                                                                                                                                                                                                                                                                                                                                                                                                                                                                                                                                                                                                                                                                                                                                                                                                                                                                                                                                                                                                                                                                                                                                                                                                                                                                                                                                                                                                                                                                                                                                                                                                                                                                                                                                                                                                                                                                                                                                                                                                                                                                                                                                                                                                                                                                                                                                                                                                                                                                                                                                                                                                                                                                                                                                                                                                                                                                                                                                                                                                                                                                                                                                                                                                                                                                                                                                                                                                                                                                                                                                                                                                                                                                                                                                                                                                                                                                                                                                                                                                                                                                                                                                                                                                                                                                                                                                                                                                                                                                                                                                                                                                                                                                                                                                                                                                                                                                                                                                                                                                                                                                                                                                                                                                                                                                                                                                                                                                                                                                                                                                                                                                                                                                                                                                                                                                                                                                                                                                                                                                                                                                                                                                                                                                                                                                                                                                                                                                                                                                                                                                                                                                                                                                                                                                                                                                                                                                                                                                                                                                                                                                                                                                                                                                                                                                                                                                                                                                                                                                                                                                                                                                                                                                                                                                                                                                                                                                                                                                                                                                                                                                                                                                                                                                                                                                                                                                                                                                                                                                                                                                                                                                                                                                                                                                                                                                                                                                                                                                                                                                                                                                                                                                                                                                                                                                                                                                                                                                                                                                                                                                                                                                                                                                                                                                                                                                                                                                                                                                                                                                                                                                                                                                                                                                                                                                                                                                                                                                                                                                                                                                                                                                                                                                                                                                                                                                                                                                                                                                                                                                                                                                                                                                                                                                                                                                                                                                                                                                                                                                                                                                                                                                                                                                                                                                                                                                                                                                                                                                                                                                                                                                                                                                                                                                                                                                                                                                                                                                                                                                                                                                                                                                                                                                                                                                                                                                                                                                                                                                                                                                                                                                                                                                                                                                                                                                                                                                                                                                                                                                                                                                                                                                                                                                                                                                                                                                                                                                                                                                                                                                                                                                                                                                                                                                                                                                                                                                                                                                                                                                                                                                                                                                                                                                                                                                                                                                                                                                                                                                                                                                                                                                                                                                                                                                                                                                                                                                                                                                                                                                                                                                                                                                                                                                                                                                                                                                                                                                                                                                                                                                                                                                                                                                                                                                                                                                                                                                                                                                                                                                                                                                                                                                                                                                                                                                                                                                                                                                                                                                                                                                                                                                                                                                                                                                                                                                                                                                                                                                                                                                                                                                                                                                                                                                                                                                                                                                                                                                                                                                                                                                                                                                                                                                                                                                                                                                                                                                                                                                                                                                                                                                                                                                                                                                                                                                                                                                                                                                                                                                                                                                                                                                                                                                                                                                                                                                                                                                                                                                                                                                                                                                                                                                                                                                                                                                                                                                                                                                                                                                                                                                                                                                                                                                                                                                                                                                                                                                                                                                                                                                                                                                                                                                                                                                                                                                                                                                                                                                                                                                                                                                                                                                                                                                                                                                                                                                                                                                                                                                                                                                                                                                                                                                                                                                                                                                                                                                                                                                                                                                                                                                                                                                                                                                                                                                                                                                                                                                                                                                                                                                                                                                                                                                                                                                                                                                                                                                                                                                                                                                                                                                                                                                                                                                                                                                                                                                                                                                                                                                                                                                                                                                                                                                                                                                                                                                                                                                                                                                                                                                                                                                                                                                                                                                                                                                                                                                                                                                                                                                                                                                                                                                                                                                                                                                                                                                                                                                                                                                                                                                                                                                                                                                                                                                                                                                                                                                                                                                                                                                                                                                                                                                                                                                                                                                                                                                                                                                                                                                                                                                                                                                                                                                                                                                                                                                                                                                                                                                                                                                                                                                                                                                                                                                                                                                                                                                                                                                                                                                                                                                                                                                                                                                                                                                                                                                                                                                                                                                                                                                                                                                                                                                                                                                                                                                                                                                                                                                                                                                                                                                                                                                                                                                                                                                                                                                                                                                                                                                                                                                                                                                                                                                                                                                                                                                                                                                                                                                                                                                                                                                                                                                                                                                                                                                                                                                                                                                                                                                                                                                                                                                                                                                                                                                                                                                                                                                                                                                                                                                                                                                                                                                                                                                                                                                                                                                                                                                                                                                                                                                                                                                                                                                                                                                                                                                                                                                                                                                                                                                                                                                                                                                                                                                                                                                                                                                                                                                                                                                                                                                                                                                                                                                                                                                                                                                                                                                                                                                                                                                                                                                                                                                                                                                                                                                                                                                                                                                                                                                                                                                                                                                                                                                                                                                                                                                                                                                                                                                                                                                                                                                                                                                                                                                                                                                                                                                                                                                                                                                                                                                                                                                                                                                                                                                                                                                                                                                                                                                                                                                                                                                                                                                                                                                                                                                                                                                                                                                                                                                                                                                                                                                                                                                                                                                                                                                                                                                                                                                                                                                                                                                                                                                                                                                                                                                                                                                                                                                                                                                                                                                                                                                                                                                                                                                                                                                                                                                                                                                                                                                                                                                                                                                                                                                                                                                                                                                                                                                                                                                                                                                                                                                                                                                                                                                                                                                                                                                                                                                                                                                                                                                                                                                                                                                                                                                                                                                                                                                                                                                                                                                                                                                                                                                                                                                                                                                                                                                                                                                                                                                                                                                                                                                                                                                                                                                                                                                                                                                                                                                                                                                                                                                                                                                                                                                                                                                                                                                                                                                                                                                                                                                                                                                                                                                                                                                                                                                                                                                                                                                                                                                                                                                                                                                                                                                                                                                                                                                                                                                                                                                                                                                                                                                                                                                                                                                                                                                                                                                                                                                                                                                                                                                                                                                                                                                                                                                                                                                                                                                                                                                                                                                                                                                                                                                                                                                                                                                                                                                                                                                                                                                                                                                                                                                                                                                                                                                                                                                                                                                                                                                                                                                                                                                                                                                                                                                                                                                                                                                                                                                                                                                                                                                                                                                                                                                                                                                                                                                                                                                                                                                                                                                                                                                                                                                                                                                                                                                                                                                                                                                                                                                                                                                                                                                                                                                                                                                                                                                                                                                                                                                                                                                                                                                                                                                                                                                                                                                                                                                                                                                                                                                                                                                                                                                                                                                                                                                                                                                                                                                                                                                                                                                                                                                                                                                                                                                                                                                                                                                                                                                                                                                                                                                                                                                                                                                                                                                                                                                                                                                                                                                                                                                                                                                                                                                                                                                                                                                                                                                                                                                                                                                                                                                                                                                                                                                                                                                                                                                                                                                                                                                                                                                                                                                                                                                                                                                                                                                                                                                                                                                                                                                                                                                                                                                                                                                                                                                                                                                                                                                                                                                                                                                                                                                                                                                                                                                                                                                                                                                                                                                                                                                                                                                                                                                                                                                                                                                                                                                                                                                                                                                                                                                                                                                                                                                                                                                                                                                                                                                                                                                                                                                                                                                                                                                                                                                                                                                                                                                                                                                                                                                                                                                                                                                                                                                                                                                                                                                                                                                                                                                                                                                                                                                                                                                                                                                                                                                                                                                                                                                                                                                                                                                                                                                                                                                                                                                                                                                                                                                                                                                                                                                                                                                                                                                                                                                                                                                                                                                                                                                                                                                                                                                                                                                                                                                                                                                                                                                                                                                                                                                                                                                                                                                                                                                                                                                                                                                                                                                                                                                                                                                                                                                                                                                                                                                                                                                                                                                                                                                                                                                                                                                                                                                                                                                                                                                                                                                                                                                                                                                                                                                                                                                                                                                                                                                                                                                                                                                                                                                                                                                                                                                                                                                                                                                                                                                                                                                                                                                                                                                                                                                                                                                                                                                                                                                                                                                                                                                                                                                                                                                                                                                                                                                                                                                                                                                                                                                                                                                                                                                                                                                                                                                                                                                                                                                                                                                                                                                                                                                                                                                                                                                                                                                                                                                                                                                                                                                                                                                                                                                                                                                                                                                                                                                                                                                                                                                                                                                                                                                                                                                                                                                                                                                                                                                                                                                                                                                                                                                                                                                                                                                                                                                                                                                                                                                                                                                                                                                                                                                                                                                                                                                                                                                                                                                                                                                                                                                                                                                                                                                                                                                                                                                                                                                                                                                                                                                                                                                                                                                                                                                                                                                                                                                                                                                                                                                                                                                                                                                                                                                                                                                                                                                                                                                                                                                                                                                                                                                                                                                                                                                                                                                                                                                                                                                                                                                                                                                                                                                                                                                                                                                                                                                                                                                                                                                                                                                                                                                                                                                                                                                                                                                                                                                                                                                                                                                                                                                                                                                                                                                                                                                                                                                                                                                                                                                                                                                                                                                                                                                                                                                                                                                                                                                                                                                                                                                                                                                                                                                                                                                                                                                                                                                                                                                                                                                                                                                                                                                                                                                                                                                                                                                                                                                                                                                                                                                                                                                                                                                                                                                                                                                                                                                                                                                                                                                                                                                                                                                                                                                                                                                                                                                                                                                                                                                                                                                                                                                                                                                                                                                                                                                                                                                                                                                                                                                                                                                                                                                                                                                                                                                                                                                                                                                                                                                                                                                                                                                                                                                                                                                                                                                                                                                                                                                                                                                                                                                                                                                                                                                                                                                                                                                                                                                                                                                                                                                                                                                                                                                                                                                                                                                                                                                                                                                                                                                                                                                                                                                                                                                                                                                                                                                                                                                                                                                                                                                                                                                                                                                                                                                                                                                                                                                                                                                                                                                                                                                                                                                                                                                                                                                                                                                                                                                                                                                                                                                                                                                                                                                                                                                                                                                                                                                                                                                                                                                                                                                                                                                                                                                                                                                                                                                                                                                                                                                                                                                                                                                                                                                                                                                                                                                                                                                                                                                                                                                                                                                                                                                                                                                                                                                                                                                                                                                                                                                                                                                                                                                                                                                                                                                                                                                                                                                                                                                                                                                                                                                                                                                                                                                                                                                                                                                                                                                                                                                                                                                                                                                                                                                                                                                                                                                                                                                                                                                                                                                                                                                                                                                                                                                                                                                                                                                                                                                                                                                                                                                                                                                                                                                                                                                                                                                                                                                                                                                                                                                                                                                                                                                                                                                                                                                                                                                                                                                                                                                                                                                                                                                                                                                                                                                                                                                                                                                                                                                                                                                                                                                                                                                                                                                                                                                                                                                                                                                                                                                                                                                                                                                                                                                                                                                                                                                                                                                                                                                                                                                                                                                                                                                                                                                                                                                                                                                                                                                                                                                                                                                                                                                                                                                                                                                                                                                                                                                                                                                                                                                                                                                                                                                                                                                                                                                                                                                                                                                                                                                                                                                                                                                                                                                                                                                                                                                                                                                                                                                                                                                                                                                                                                                                                                                                                                                                                                                                                                                                                                                                                                                                                                                                                                                                                                                                                                                                                                                                                                                                                                                                                                                                                                                                                                                                                                                                                                                                                                                                                                                                                                                                                                                                                                                                                                                                                                                                                                                                                                                                                                                                                                                                                                                                                                                                                                                                                                                                                                                                                                                                                                                                                                                                                                                                                                                                                                                                                                                                                                                                                                                                                                                                                                                                                                                                                                                                                                                                                                                                                                                                                                                                                                                                                                                                                                                                                                                                                                                                                                                                                                                                                                                                                                                                                                                                                                                                                                                                                                                                                                                                                                                                                                                                                                                                                                                                                                                                                                                                                                                                                                                                                                                                                                                                                                                                                                                                                                                                                                                                                                                                                                                                                                                                                                                                                                                                                                                                                                                                                                                                                                                                                                                                                                                                                                                                                                                                                                                                                                                                                                                                                                                                                                                                                                                                                                                                                                                                                                                                                                                                                                                                                                                                                                                                                                                                                                                                                                                                                                                                                                                                                                                                                                                                                                                                                                                                                                                                                                                                                                                                                                                                                                                                                                                                                                                                                                                                                                                                                                                                                                                                                                                                                                                                                                                                                                                                                                                                                                                                                                                                                                                                                                                                                                                                                                                                                                                                                                                                                                                                                                                                                                                                                                                                                                                                                                                                                                                                                                                                                                                                                                                                                                                                                                                                                                                                                                                                                                                                                                                                                                                                                                                                                                                                                                                                                                                                                                                                                                                                                                                                                                                                                                                                                                                                                                                                                                                                                                                                                                                                                                                                                                                                                                                                                                                                                                                                                                                                                                                                                                                                                                                                                                                                                                                                                                                                                                                                                                                                                                                                                                                                                                                                                                                                                                                                                                                                                                                                                                                                                                                                                                                                                                                                                                                                                                                                                                                                                                                                                                                                                                                                                                                                                                                                                                                                                                                                                                                                                                                                                                                                                                                                                                                                                                                                                                                                                                                                                                                                                                                                                                                                                                                                                                                                                                                                                                                                                                                                                                                                                                                                                                                                                                                                                                                                                                                                                                                                                                                                                                                                                                                                                                                                                                                                                                                                                                                                                                                                                                                                                                                                                                                                                                                                                                                                                                                                                                                                                                                                                                                                                                                                                                                                                                                                                                                                                                                                                                                                                                                                                                                                                                                                                                                                                                                                                                                                                                                                                                                                                                                                                                                                                                                                                                                                                                                                                                                                                                                                                                                                                                                                                                                                                                                                                                                                                                                                                                                                                                                                                                                                                                                                                                                                                                                                                                                                                                                                                                                                                                                                                                                                                                                                                                                                                                                                                                                                                                                                                                                                                                                                                                                                                                                                                                                                                                                                                                                                                                                                                                                                                                                                                                                                                                                                                                                                                                                                                                                                                                                                                                                                                                                                                                                                                                                                                                                                                                                                                                                                                                                                                                                                                                                                                                                                                                                                                                                                                                                                                                                                                                                                                                                                                                                                                                                                                                                                                                                                                                                                                                                                                                                                                                                                                                                                                                                                                                                                                                                                                                                                                                                                                                                                                                                                                                                                                                                                                                                                                                                                                                                                                                                                                                                                                                                                                                                                                                                                                                                                                                                                                                                                                                                                                                                                                                                                                                                                                                                                                                                                                                                                                                                                                                                                                                                                                                                                                                                                                                                                                                                                                                                                                                                                                                                                                                                                                                                                                                                                                                                                                                                                                                                                                                                                                                                                                                                                                                                                                                                                                                                                                                                                                                                                                                                                                                                                                                                                                                                                                                                                                                                                                                                                                                                                                                                                                                                                                                                                                                                                                                                                                                                                                                                                                                                                                                                                                                                                                                                                                                                                                                                                                                                                                                                                                                                                                                                                                                                                                                                                                                                                                                                                                                                                                                                                                                                                                                                                                                                                                                                                                                                                                                                                                                                                                                                                                                                                                                                                                                                                                                                                                                                                                                                                                                                                                                                                                                                                                                                                                                                                                                                                                                                                                                                                                                                                                                                                                                                                                                                                                                                                                                                                                                                                                                                                                                                                                                                                                                                                                                                                                                                                                                                                                                                                                                                                                                                                                                                                                                                                                                                                                                                                                                                                                                                                                                                                                                                                                                                                                                                                                                                                                                                                                                                                                                                                                                                                                                                                                                                                                                                                                                                                                                                                                                                                                                                                                                                                                                                                                                                                                                                                                                                                                                                                                                                                                                                                                                                                                                                                                                                                                                                                                                                                                                                                                                                                                                                                                                                                                                                                                                                                                                                                                                                                                                                                                                                                                                                                                                                                                                                                                                                                                                                                                                                                                                                                                                                                                                                                                                                                                                                                                                                                                                                                                                                                                                                                                                                                                                                                                                                                                                                                                                                                                                                                                                                                                                                                                                                                                                                                                                                                                                                                                                                                                                                                                                                                                                                                                                                                                                                                                                                                                                                                                                                                                                                                                                                                                                                                                                                                                                                                                                                                                                                                                                                                                                                                                                                                                                                                                                                                                                                                                                                                                                                                                                                                                                                                                                                                                                                                                                                                                                                                                                                                                                                                                                                                                                                                                                                                                                                                                                                                                                                                                                                                                                                                                                                                                                                                                                                                                                                                                                                                                                                                                                                                                                                                                                                                                                                                                                                                                                                                                                                                                                                                                                                                                                                                                                                                                                                                                                                                                                                                                                                                                                                                                                                                                                                                                                                                                                                                                                                                                                                                                                                                                                                                                                                                                                                                                                                                                                                                                                                                                                                                                                                                                                                                                                                                                                                                                                                                                                                                                                                                                                                                                                                                                                                                                                                                                                                                                                                                                                                                                                                                                                                                                                                                                                                                                                                                                                                                                                                                                                                                                                                                                                                                                                                                                                                                                                                                                                                                                                                                                                                                                                                                                                                                                                                                                                                                                                                                                                                                                                                                                                                                                                                                                                                                                                                                                                                                                                                                                                                                                                                                                                                                                                                                                                                                                                                                                                                                                                                                                                                                                                                                                                                                                                                                                                                                                                                                                                                                                                                                                                                                                                                                                                                                                                                                                                                                                                                                                                                                                                                                                                                                                                                                                                                                                                                                                                                                                                                                                                                                                                                                                                                                                                                                                                                                                                                                                                                                                                                                                                                                                                                                                                                                                                                                                                                                                                                                                                                                                                                                                                                                                                                                                                                                                                                                                                                                                                                                                                                                                                                                                                                                                                                                                                                                                                                                                                                                                                                                                                                                                                                                                                                                                                                                                                                                                                                                                                                                                                                                                                                                                                                                                                                                                                                                                                                                                                                                                                                                                                                                                                                                                                                                                                                                                                                                                                                                                                                                                                                                                                                                                                                                                                                                                                                                                                                                                                                                                                                                                                                                                                                                                                                                                                                                                                                                                                                                                                                                                                                                                                                                                                                                                                                                                                                                                                                                                                                                                                                                                                                                                                                                                                                                                                                                                                                                                                                                                                                                                                                                                                                                                                                                                                                                                                                                                                                                                                                                                                                                                                                                                                                                                                                                                                                                                                                                                                                                                                                                                                                                                                                                                                                                                                                                                                                                                                                                                                                                                                                                                                                                                                                                                                                                                                                                                                                                                                                                                                                                                                                                                                                                                                                                                                                                                                                                                                                                                                                                                                                                                                                                                                                                                                                                                                                                                                                                                                                                                                                                                                                                                                                                                                                                                                                                                                                                                                                                                                                                                                                                                                                                                                                                                                                                                                                                                                                                                                                                                                                                                                                                                                                                                                                                                                                                                                                                                                                                                                                                                                                                                                                                                                                                                                                                                                                                                                                                                                                                                                                                                                                                                                                                                                                                                                                                                                                                                                                                                                                                                                                                                                                                                                                                                                                                                                                                                                                                                                                                                                                                                                                                                                                                                                                                                                                                                                                                                                                                                                                                                                                                                                                                                                                                                                                                                                                                                                                                                                                                                                                                                                                                                                                                                                                                                                                                                                                                                                                                                                                                                                                                                                                                                                                                                                                                                                                                                                                                                                                                                                                                                                                                                                                                                                                                                                                                                                                                                                                                                                                                                                                                                                                                                                                                                                                                                                                                                                                                                                                                                                                                                                                                                                                                                                                                                                                                                                                                                                                                                                                                                                                                                                                                                                                                                                                                                                                                                                                                                                                                                                                                                                                                                                                                                                                                                                                                                                                                                                                                                                                                                                                                                                                                                                                                                                                                                                                                                                                                                                                                                                                                                                                                                                                                                                                                                                                                                                                                                                                                                                                                                                                                                                                                                                                                                                                                                                                                                                                                                                                                                                                                                                                                                                                                                                                                                                                                                                                                                                                                                                                                                                                                                                                                                                                                                                                                                                                                                                                                                                                                                                                                                                                                                                                                                                                                                                                                                                                                                                                                                                                                                                                                                                                                                                                                                                                                                                                                                                                                                                                                                                                                                                                                                                                                                                                                                                                                                                                                                                                                                                                                                                                                                                                                                                                                                                                                                                                                                                                                                                                                                                                                                                                                                                                                                                                                                                                                                                                                                                                                                                                                                                                                                                                                                                                                                                                                                                                                                                                                                                                                                                                                                                                                                                                                                                                                                                                                                                                                                                                                                                                                                                                                                                                                                                                                                                                                                                                                                                                                                                                                                                                                                                                                                                                                                                                                                                                                                                                                                                                                                                                                                                                                                                                                                                                                                                                                                                                                                                                                                                                                                                                                                                                                                                                                                                                                                                                                                                                                                                                                                                                                                                                                                                                                                                                                                                                                                                                                                                                                                                                                                                                                                                                                                                                                                                                                                                                                                                                                                                                                                                                                                                                                                                                                                                                                                                                                                                                                                                                                                                                                                                                                                                                                                                                                                                                                                                                                                                                                                                                                                                                                                                                                                                                                                                                                                                                                                                                                                                                                                                                                                                                                                                                                                                                                                                                                                                                                                                                                                                                                                                                                                                                                                                                                                                                                                                                                                                                                                                                                                                                                                                                                                                                                                                                                                                                                                                                                                                                                                                                                                                                                                                                                                                                                                                                                                                                                                                                                                                                                                                                                                                                                                                                                                                                                                                                                                                                                                                                                                                                                                                                                                                                                                                                                                                                                                                                                                                                                                                                                                                                                                                                                                                                                                                                                                                                                                                                                                                                                                                                                                                                                                                                                                                                                                                                                                                                                                                                                                                                                                                                                                                                                                                                                                                                                                                                                                                                                                                                                                                                                                                                                                                                                                                                                                                                                                                                                                                                                                                                                                                                                                                                                                                                                                                                                                                                                                                                                                                                                                                                                                                                                                                                                                                                                                                                                                                                                                                                                                                                                                                                                                                                                                                                                                                                                                                                                                                                                                                                                                                                                                                                                                                                                                                                                                                                                                                                                                                                                                                                                                                                                                                                                                                                                                                                                                                                                                                                                                                                                                                                                                                                                                                                                                                                                                                                                                                                                                                                                                                                                                                                                                                                                                                                                                                                                                                                                                                                                                                                                                                                                                                                                                                                                                                                                                                                                                                                                                                                                                                                                                                                                                                                                                                                                                                                                                                                                                                                                                                                                                                                                                                                                                                                                                                                                                                                                                                                                                                                                                                                                                                                                                                                                                                                                                                                                                                                                                                                                                                                                                                                                                                                                                                                                                                                                                                                                                                                                                                                                                                                                                                                                                                                                                                                                                                                                                                                                                                                                                                                                                                                                                                                                                                                                                                                                                                                                                                                                                                                                                                                                                                                                                                                                                                                                                                                                                                                                                                                                                                                                                                                                                                                                                                                                                                                                                                                                                                                                                                                                                                                                                                                                                                                                                                                                                                                                                                                                                                                                                                                                                                                                                                                                                                                                                                                                                                                                                                                                                                                                                                                                                                                                                                                                                                                                                                                                                                                                                                                                                                                                                                                                                                                                                                                                                                                                                                                                                                                                                                                                                                                                                                                                                                                                                                                                                                                                                                                                                                                                                                                                                                                                                                                                                                                                                                                                                                                                                                                                                                                                                                                                                                                                                                                                                                                                                                                                                                                                                                                                                                                                                                                                                                                                                                                                                                                                                                                                                                                                                                                                                                                                                                                                                                                                                                                                                                                                                                                                                                                                                                                                                                                                                                                                                                                                                                                                                                                                                                                                                                                                                                                                                                                                                                                                                                                                                                                                                                                                                                                                                                                                                                                                                                                                                                                                                                                                                                                                                                                                                                                                                                                                                                                                                                                                                                                                                                                                                                                                                                                                                                                                                                                                                                                                                                                                                                                                                                                                                                                                                                                                                                                                                                                                                                                                                                                                                                                                                                                                                                                                                                                                                                                                                                                                                                                                                                                                                                                                                                                                                                                                                                                                                                                                                                                                                                                                                                                                                                                                                                                                                                                                                                                                                                                                                                                                                                                                                                                                                                                                                                                                                                                                                                                                                                                                                                                                                                                                                                                                                                                                                                                                                                                                                                                                                                                                                                                                                                                                                                                                                                                                                                                                                                                                                                                                                                                                                                                                                                                                                                                                                                                                                                                                                                                                                                                                                                                                                                                                                                                                                                                                                                                                                                                                                                                                                                                                                                                                                                                                                                                                                                                                                                                                                                                                                                                                                                                                                                                                                                                                                                                                                                                                                                                                                                                                                                                                                                                                                                                                                                                                                                                                                                                                                                                                                                                                                                                                                                                                                                                                                                                                                                                                                                                                                                                                                                                                                                                                                                                                                                                                                                                                                                                                                                                                                                                                                                                                                                                                                                                                                                                                                                                                                                                                                                                                                                                                                                                                                                                                                                                                                                                                                                                                                                                                                                                                                                                                                                                                                                                                                                                                                                                                                                                                                                                                                                                                                                                                                                                                                                                                                                                                                                                                                                                                                                                                                                                                                                                                                                                                                                                                                                                                                                                                                                                                                                                                                                                                                                                                                                                                                                                                                                                                                                                                                                                                                                                                                                                                                                                                                                                                                                                                                                                                                                                                                                                                                                                                                                                                                                                                                                                                                                                                                                                                                                                                                                                                                                                                                                                                                                                                                                                                                                                                                                                                                                                                                                                                                                                                                                                                                                                                                                                                                                                                                                                                                                                                                                                                                                                                                                                                                                                                                                                                                                                                                                                                                                                                                                                                                                                                                                                                                                                                                                                                                                                                                                                                                                                                                                                                                                                                                                                                                                                                                                                                                                                                                                                                                                                                                                                                                                                                                                                                                                                                                                                                                                                                                                                                                                                                                                                                                                                                                                                                                                                                                                                                                                                                                                                                                                                                                                                                                                                                                                                                                                                                                                                                                                                                                                                                                                                                                                                                                                                                                                                                                                                                                                                                                                                                                                                                                                                                                                                                                                                                                                                                                                                                                                                                                                                                                                                                                                                                                                                                                                                                                                                                                                                                                                                                                                                                                                                                                                                                                                                                                                                                                                                                                                                                                                                                                                                                                                                                                                                                                                                                                                                                                                                                                                                                                                                                                                                                                                                                                                                                                                                                                                                                                                                                                                                                                                                                                                                                                                                                                                                                                                                                                                                                                                                                                                                                                                                                                                                                                                                                                                                                                                                                                                                                                                                                                                                                                                                                                                                                                                                                                                                                                                                                                                                                                                                                                                                                                                                                                                                                                                                                                                                                                                                                                                                                                                                                                                                                                                                                                                                                                                                                                                                                                                                                                                                                                                                                                                                                                                                                                                                                                                                                                                                                                                                                                                                                                                                                                                                                                                                                                                                                                                                                                                                                                                                                                                                                                                                                                                                                                                                                                                                                                                                                                                                                                                                                                                                                                                                                                                                                                                                                                                                                                                                                                                                                                                                                                                                                                                                                                                                                                                                                                                                                                                                                                                                                                                                                                                                                                                                                                                                                                                                                                                                                                                                                                                                                                                                                                                                                                                                                                                                                                                                                                                                                                                                                                                                                                                                                                                                                                                                                                                                                                                                                                                                                                                                                                                                                                                                                                                                                                                                                                                                                                                                                                                                                                                                                                                                                                                                                                                                                                                                                                                                                                                                                                                                                                                                                                                                                                                                                                                                                                                                                                                                                                                                                                                                                                                                                                                                                                                                                                                                                                                                                                                                                                                                                                                                                                                                                                                                                                                                                                                                                                                                                                                                                                                                                                                                                                                                                                                                                                                                                                                                                                                                                                                                                                                                                                                                                                                                                                                                                                                                                                                                                                                                                                                                                                                                                                                                                                                                                                                                                                                                                                                                                                                                                                                                                                                                                                                                                                                                                                                                                                                                                                                                                                                                                                                                                                                                                                                                                                                                                                                                                                                                                                                                                                                                                                                                                                                                                                                                                                                                                                                                                                                                                                                                                                                                                                                                                                                                                                                                                                                                                                                                                                                                                                                                                                                                                                                                                                                                                                                                                                                                                                                                                                                                                                                                                                                                                                                                                                                                                                                                                                                                                                                                                                                                                                                                                                                                                                                                                                                                                                                                                                                                                                                                                                                                                                                                                                                                                                                                                                                                                                                                                                                                                                                                                                                                                                                                                                                                                                                                                                                                                                                                                                                                                                                                                                                                                                                                                                                                                                                                                                                                                                                                                                                                                                                                                                                                                                                                                                                                                                                                                                                                                                                                                                                                                                                                                                                                                                                                                                                                                                                                                                                                                                                                                                                                                                                                                                                                                                                                                                                                                                                                                                                                                                                                                                                                                                                                                                                                                                                                                                                                                                                                                                                                                                                                                                                                                                                                                                                                                                                                                                                                                                                                                                                                                                                                                                                                                                                                                                                                                                                                                                                                                                                                                                                                                                                                                                                                                                                                                                                                                                                                                                                                                                                                                                                                                                                                                                                                                                                                                                                                                                                                                                                                                                                                                                                                                                                                                                                                                                                                                                                                                                                                                                                                                                                                                                                                                                                                                                                                                                                                                                                                                                                                                                                                                                                                                                                                                                                                                                                                                                                                                                                                                                                                                                                                                                                                                                                                                                                                                                                                                                                                                                                                                                                                                                                                                                                                                                                                                                                                                                                                                                                                                                                                                                                                                                                                                                                                                                                                                                                                                                                                                                                                                                                                                                                                                                                                                                                                                                                                                                                                                                                                                                                                                                                                                                                                                                                                                                                                                                                                                                                                                                                                                                                                                                                                                                                                                                                                                                                                                                                                                                                                                                                                                                                                                                                                                                                                                                                                                                                                                                                                                                                                                                                                                                                                                                                                                                                                                                                                                                                                                                                                                                                                                                                                                                                                                                                                                                                                                                                                                                                                                                                                                                                                                                                                                                                                                                                                                                                                                                                                                                                                                                                                                                                                                                                                                                                                                                                                                                                                                                                                                                                                                                                                                                                                                                                                                                                                                                                                                                                                                                                                                                                                                                                                                                                                                                                                                                                                                                                                                                                                                                                                                                                                                                                                                                                                                                                                                                                                                                                                                                                                                                                                                                                                                                                                                                                                                                                                                                                                                                                                                                                                                                                                                                                                                                                                                                                                                                                                                                                                                                                                                                                                                                                                                                                                                                                                                                                                                                                                                                                                                                                                                                                                                                                                                                                                                                                                                                                                                                                                                                                                                                                                                                                                                                                                                                                                                                                                                                                                                                                                                                                                                                                                                                                                                                                                                                                                                                                                                                                                                                                                                                                                                                                                                                                                                                                                                                                                                                                                                                                                                                                                                                                                                                                                                                                                                                                                                                                                                                                                                                                                                                                                                                                                                                                                                                                                                                                                                                                                                                                                                                                                                                                                                                                                                                                                                                                                                                                                                                                                                                                                                                                                                                                                                                                                                                                                                                                                                                                                                                                                                                                                                                                                                                                                                                                                                                                                                                                                                                                                                                                                                                                                                                                                                                                                                                                                                                                                                                                                                                                                                                                                                                                                                                                                                                                                                                                                                                                                                                                                                                                                                                                                                                                                                                                                                                                                                                                                                                                                                                                                                                                                                                                                                                                                                                                                                                                                                                                                                                                                                                                                                                                                                                                                                                                                                                                                                                                                                                                                                                                                                                                                                                                                                                                                                                                                                                                                                                                                                                                                                                                                                                                                                                                                                                                                                                                                                                                                                                                                                                                                                                                                                                                                                                                                                                                                                                                                                                                                                                                                                                                                       